2026-08-23 15:15:58,672 [INFO] pipeline.elastic_client: Find 578 enabled rules (tag=OS: Windows)
2026-08-23 15:15:58,689 [INFO] pipeline: Runnging 247 tests
2026-08-23 15:15:58,689 [INFO] pipeline: [1/247] T1053.005 test 1
2026-08-23 15:15:58,690 [INFO] pipeline.atomic_runner: START TIME: 2026-08-23T08:15:58.000Z
2026-08-23 15:16:56,469 [INFO] pipeline.atomic_runner: END TIME: 2026-08-23T08:16:56.000Z
2026-08-23 15:16:58,470 [INFO] pipeline: [2/247] T1053.005 test 2
2026-08-23 15:16:58,470 [INFO] pipeline.atomic_runner: START TIME: 2026-08-23T08:16:58.000Z
2026-08-23 15:17:16,442 [INFO] pipeline.atomic_runner: END TIME: 2026-08-23T08:17:16.000Z
2026-08-23 15:17:18,443 [INFO] pipeline: [3/247] T1053.005 test 3
2026-08-23 15:17:18,444 [INFO] pipeline.atomic_runner: START TIME: 2026-08-23T08:17:18.000Z
2026-08-23 15:17:36,086 [INFO] pipeline.atomic_runner: END TIME: 2026-08-23T08:17:36.000Z
2026-08-23 15:17:38,086 [INFO] pipeline: [4/247] T1053.005 test 4
2026-08-23 15:17:38,087 [INFO] pipeline.atomic_runner: START TIME: 2026-08-23T08:17:38.000Z
2026-08-23 15:18:46,535 [INFO] pipeline.atomic_runner: END TIME: 2026-08-23T08:18:46.000Z
2026-08-23 15:18:48,536 [INFO] pipeline: [5/247] T1053.005 test 5   
2026-08-23 15:18:48,538 [INFO] pipeline.atomic_runner: START TIME: 2026-08-23T08:18:48.000Z
2026-08-23 15:20:38,875 [INFO] pipeline.atomic_runner: END TIME: 2026-08-23T08:20:38.000Z
2026-08-23 15:20:40,875 [INFO] pipeline: [6/247] T1053.005 test 6
2026-08-23 15:20:40,877 [INFO] pipeline.atomic_runner: START TIME: 2026-08-23T08:20:40.000Z
2026-08-23 15:21:36,687 [INFO] pipeline.atomic_runner: END TIME: 2026-08-23T08:21:36.000Z
2026-08-23 15:21:38,688 [INFO] pipeline: [7/247] T1053.005 test 7
2026-08-23 15:21:38,693 [INFO] pipeline.atomic_runner: START TIME: 2026-08-23T08:21:38.000Z
2026-08-23 15:22:03,401 [INFO] pipeline.atomic_runner: END TIME: 2026-08-23T08:22:03.000Z
2026-08-23 15:22:05,401 [INFO] pipeline: [8/247] T1053.005 test 8
2026-08-23 15:22:05,402 [INFO] pipeline.atomic_runner: START TIME: 2026-08-23T08:22:05.000Z
2026-08-23 15:22:24,059 [INFO] pipeline.atomic_runner: END TIME: 2026-08-23T08:22:24.000Z
2026-08-23 15:22:26,059 [INFO] pipeline: [9/247] T1053.005 test 9
2026-08-23 15:22:26,060 [INFO] pipeline.atomic_runner: START TIME: 2026-08-23T08:22:26.000Z
2026-08-23 15:22:50,279 [INFO] pipeline.atomic_runner: END TIME: 2026-08-23T08:22:50.000Z
2026-08-23 15:22:52,280 [INFO] pipeline: [10/247] T1053.005 test 10
2026-08-23 15:22:52,281 [INFO] pipeline.atomic_runner: START TIME: 2026-08-23T08:22:52.000Z
2026-08-23 15:23:12,198 [INFO] pipeline.atomic_runner: END TIME: 2026-08-23T08:23:12.000Z
2026-08-23 15:23:14,199 [INFO] pipeline: [11/247] T1053.005 test 11
2026-08-23 15:23:14,200 [INFO] pipeline.atomic_runner: START TIME: 2026-08-23T08:23:14.000Z
2026-08-23 15:23:35,047 [INFO] pipeline.atomic_runner: END TIME: 2026-08-23T08:23:35.000Z
2026-08-23 15:23:37,048 [INFO] pipeline: [12/247] T1053.005 test 12
2026-08-23 15:23:37,048 [INFO] pipeline.atomic_runner: START TIME: 2026-08-23T08:23:37.000Z
2026-08-23 15:23:48,007 [INFO] pipeline.atomic_runner: END TIME: 2026-08-23T08:23:48.000Z
2026-08-23 15:23:50,007 [INFO] pipeline: [13/247] T1546.013 test 1
2026-08-23 15:23:50,008 [INFO] pipeline.atomic_runner: START TIME: 2026-08-23T08:23:50.000Z
2026-08-23 15:24:05,845 [INFO] pipeline.atomic_runner: END TIME: 2026-08-23T08:24:05.000Z
2026-08-23 15:24:07,845 [INFO] pipeline: [14/247] T1133 test 1
2026-08-23 15:24:07,846 [INFO] pipeline.atomic_runner: START TIME: 2026-08-23T08:24:07.000Z
2026-08-23 15:24:57,948 [INFO] pipeline.atomic_runner: END TIME: 2026-08-23T08:24:57.000Z
2026-08-23 15:24:59,949 [INFO] pipeline: [15/247] T1542.001 test 1
2026-08-23 15:24:59,949 [INFO] pipeline: Skipping T1542.001 1: no detection rules for this technique
2026-08-23 15:25:01,950 [INFO] pipeline: [16/247] T1547 test 1
2026-08-23 15:25:01,951 [INFO] pipeline.atomic_runner: START TIME: 2026-08-23T08:25:01.000Z
2026-08-23 15:25:16,316 [INFO] pipeline.atomic_runner: END TIME: 2026-08-23T08:25:16.000Z
2026-08-23 15:25:18,316 [INFO] pipeline: [17/247] T1547 test 2
2026-08-23 15:25:18,317 [INFO] pipeline.atomic_runner: START TIME: 2026-08-23T08:25:18.000Z
2026-08-23 15:25:44,508 [INFO] pipeline.atomic_runner: END TIME: 2026-08-23T08:25:44.000Z
2026-08-23 15:25:46,508 [INFO] pipeline: [18/247] T1547 test 3
2026-08-23 15:25:46,510 [INFO] pipeline.atomic_runner: START TIME: 2026-08-23T08:25:46.000Z
2026-08-23 15:25:56,739 [INFO] pipeline.atomic_runner: END TIME: 2026-08-23T08:25:56.000Z
2026-08-23 15:25:58,739 [INFO] pipeline: [19/247] T1547.014 test 1
2026-08-23 15:25:58,741 [INFO] pipeline.atomic_runner: START TIME: 2026-08-23T08:25:58.000Z
2026-08-23 15:26:16,697 [INFO] pipeline.atomic_runner: END TIME: 2026-08-23T08:26:16.000Z
2026-08-23 15:26:18,697 [INFO] pipeline: [20/247] T1547.014 test 2
2026-08-23 15:26:18,699 [INFO] pipeline.atomic_runner: START TIME: 2026-08-23T08:26:18.000Z
2026-08-23 15:26:36,690 [INFO] pipeline.atomic_runner: END TIME: 2026-08-23T08:26:36.000Z
2026-08-23 15:26:38,690 [INFO] pipeline: [21/247] T1547.014 test 3
2026-08-23 15:26:38,691 [INFO] pipeline.atomic_runner: START TIME: 2026-08-23T08:26:38.000Z
2026-08-23 15:26:59,075 [INFO] pipeline.atomic_runner: END TIME: 2026-08-23T08:26:59.000Z
2026-08-23 15:27:01,076 [INFO] pipeline: [22/247] T1543.003 test 1
2026-08-23 15:27:01,077 [INFO] pipeline.atomic_runner: START TIME: 2026-08-23T08:27:01.000Z
2026-08-23 15:27:14,182 [INFO] pipeline.atomic_runner: END TIME: 2026-08-23T08:27:14.000Z
2026-08-23 15:27:16,183 [INFO] pipeline: [23/247] T1543.003 test 2
2026-08-23 15:27:16,183 [INFO] pipeline.atomic_runner: START TIME: 2026-08-23T08:27:16.000Z
2026-08-23 15:27:27,691 [INFO] pipeline.atomic_runner: END TIME: 2026-08-23T08:27:27.000Z
2026-08-23 15:27:29,691 [INFO] pipeline: [24/247] T1543.003 test 3
2026-08-23 15:27:29,692 [INFO] pipeline.atomic_runner: START TIME: 2026-08-23T08:27:29.000Z
2026-08-23 15:27:44,085 [INFO] pipeline.atomic_runner: END TIME: 2026-08-23T08:27:44.000Z
2026-08-23 15:27:46,085 [INFO] pipeline: [25/247] T1543.003 test 4
2026-08-23 15:27:46,086 [INFO] pipeline.atomic_runner: START TIME: 2026-08-23T08:27:46.000Z
2026-08-23 15:27:57,580 [INFO] pipeline.atomic_runner: END TIME: 2026-08-23T08:27:57.000Z
2026-08-23 15:27:59,580 [INFO] pipeline: [26/247] T1543.003 test 5
2026-08-23 15:27:59,581 [INFO] pipeline.atomic_runner: START TIME: 2026-08-23T08:27:59.000Z
2026-08-23 15:28:16,623 [INFO] pipeline.atomic_runner: END TIME: 2026-08-23T08:28:16.000Z
2026-08-23 15:28:18,623 [INFO] pipeline: [27/247] T1543.003 test 6
2026-08-23 15:28:18,624 [INFO] pipeline.atomic_runner: START TIME: 2026-08-23T08:28:18.000Z
2026-08-23 15:28:38,377 [INFO] pipeline.atomic_runner: END TIME: 2026-08-23T08:28:38.000Z
2026-08-23 15:28:40,377 [INFO] pipeline: [28/247] T1137 test 1
2026-08-23 15:28:40,378 [INFO] pipeline.atomic_runner: START TIME: 2026-08-23T08:28:40.000Z
2026-08-23 15:28:51,265 [INFO] pipeline.atomic_runner: END TIME: 2026-08-23T08:28:51.000Z
2026-08-23 15:28:53,265 [INFO] pipeline: [29/247] T1547.012 test 1
2026-08-23 15:28:53,266 [INFO] pipeline.atomic_runner: START TIME: 2026-08-23T08:28:53.000Z
2026-08-23 15:29:18,609 [INFO] pipeline.atomic_runner: END TIME: 2026-08-23T08:29:18.000Z
2026-08-23 15:29:20,610 [INFO] pipeline: [30/247] T1137.006 test 1
2026-08-23 15:29:20,610 [INFO] pipeline.atomic_runner: START TIME: 2026-08-23T08:29:20.000Z
2026-08-23 15:29:51,541 [INFO] pipeline.atomic_runner: END TIME: 2026-08-23T08:29:51.000Z
2026-08-23 15:29:53,542 [INFO] pipeline: [31/247] T1137.006 test 2
2026-08-23 15:29:53,542 [INFO] pipeline.atomic_runner: START TIME: 2026-08-23T08:29:53.000Z
2026-08-23 15:30:48,959 [INFO] pipeline.atomic_runner: END TIME: 2026-08-23T08:30:48.000Z
2026-08-23 15:30:50,959 [INFO] pipeline: [32/247] T1137.006 test 3
2026-08-23 15:30:50,960 [INFO] pipeline.atomic_runner: START TIME: 2026-08-23T08:30:50.000Z
2026-08-23 15:31:19,092 [INFO] pipeline.atomic_runner: END TIME: 2026-08-23T08:31:19.000Z
2026-08-23 15:31:21,093 [INFO] pipeline: [33/247] T1137.006 test 4
2026-08-23 15:31:21,094 [INFO] pipeline.atomic_runner: START TIME: 2026-08-23T08:31:21.000Z
2026-08-23 15:31:44,107 [INFO] pipeline.atomic_runner: END TIME: 2026-08-23T08:31:44.000Z
2026-08-23 15:31:46,107 [INFO] pipeline: [34/247] T1137.006 test 5
2026-08-23 15:31:46,108 [INFO] pipeline.atomic_runner: START TIME: 2026-08-23T08:31:46.000Z
2026-08-23 15:33:46,211 [WARNING] pipeline: Skipping T1137.006 5 due to run failure: Command '['pwsh', '-File', 'scripts/run_atomic.ps1', '-JsonFile', 'output/current_round.json']' timed out after 120 seconds
2026-08-23 15:33:48,212 [INFO] pipeline: [35/247] T1505.002 test 1
2026-08-23 15:33:48,213 [INFO] pipeline.atomic_runner: START TIME: 2026-08-23T08:33:48.000Z
2026-08-23 15:34:12,839 [INFO] pipeline.atomic_runner: END TIME: 2026-08-23T08:34:12.000Z
2026-08-23 15:34:14,840 [INFO] pipeline: [36/247] T1556.002 test 1
2026-08-23 15:34:14,840 [INFO] pipeline: Skipping T1556.002 1: no detection rules for this technique
2026-08-23 15:34:16,841 [INFO] pipeline: [37/247] T1556.002 test 2
2026-08-23 15:34:16,841 [INFO] pipeline: Skipping T1556.002 2: no detection rules for this technique
2026-08-23 15:34:18,841 [INFO] pipeline: [38/247] T1505.005 test 1
2026-08-23 15:34:18,842 [INFO] pipeline: Skipping T1505.005 1: no detection rules for this technique
2026-08-23 15:34:20,842 [INFO] pipeline: [39/247] T1505.005 test 2
2026-08-23 15:34:20,842 [INFO] pipeline: Skipping T1505.005 2: no detection rules for this technique
2026-08-23 15:34:22,843 [INFO] pipeline: [40/247] T1176 test 1
2026-08-23 15:34:22,844 [INFO] pipeline.atomic_runner: START TIME: 2026-08-23T08:34:22.000Z
2026-08-23 15:34:31,487 [INFO] pipeline.atomic_runner: END TIME: 2026-08-23T08:34:31.000Z
2026-08-23 15:34:33,488 [INFO] pipeline: [41/247] T1176 test 2
2026-08-23 15:34:33,488 [INFO] pipeline.atomic_runner: START TIME: 2026-08-23T08:34:33.000Z
2026-08-23 15:34:39,770 [INFO] pipeline.atomic_runner: END TIME: 2026-08-23T08:34:39.000Z
2026-08-23 15:34:41,771 [INFO] pipeline: [42/247] T1176 test 3
2026-08-23 15:34:41,772 [INFO] pipeline.atomic_runner: START TIME: 2026-08-23T08:34:41.000Z
2026-08-23 15:34:47,571 [INFO] pipeline.atomic_runner: END TIME: 2026-08-23T08:34:47.000Z
2026-08-23 15:34:49,571 [INFO] pipeline: [43/247] T1176 test 4
2026-08-23 15:34:49,572 [INFO] pipeline.atomic_runner: START TIME: 2026-08-23T08:34:49.000Z
2026-08-23 15:36:49,599 [WARNING] pipeline: Skipping T1176 4 due to run failure: Command '['pwsh', '-File', 'scripts/run_atomic.ps1', '-JsonFile', 'output/current_round.json']' timed out after 120 seconds
2026-08-23 15:36:51,599 [INFO] pipeline: [44/247] T1137.005 test 1
2026-08-23 15:36:51,600 [INFO] pipeline: Skipping T1137.005 1: no detection rules for this technique
2026-08-23 15:36:53,600 [INFO] pipeline: [45/247] T1137.005 test 2
2026-08-23 15:36:53,600 [INFO] pipeline: Skipping T1137.005 2: no detection rules for this technique
2026-08-23 15:36:55,601 [INFO] pipeline: [46/247] T1137.005 test 3
2026-08-23 15:36:55,601 [INFO] pipeline: Skipping T1137.005 3: no detection rules for this technique
2026-08-23 15:36:57,601 [INFO] pipeline: [47/247] T1137.005 test 4
2026-08-23 15:36:57,601 [INFO] pipeline: Skipping T1137.005 4: no detection rules for this technique
2026-08-23 15:36:59,602 [INFO] pipeline: [48/247] T1137.005 test 5
2026-08-23 15:36:59,602 [INFO] pipeline: Skipping T1137.005 5: no detection rules for this technique
2026-08-23 15:37:01,602 [INFO] pipeline: [49/247] T1546.011 test 1
2026-08-23 15:37:01,604 [INFO] pipeline.atomic_runner: START TIME: 2026-08-23T08:37:01.000Z
2026-08-23 15:37:12,954 [INFO] pipeline.atomic_runner: END TIME: 2026-08-23T08:37:12.000Z
2026-08-23 15:37:14,955 [INFO] pipeline: [50/247] T1546.011 test 2
2026-08-23 15:37:14,955 [INFO] pipeline.atomic_runner: START TIME: 2026-08-23T08:37:14.000Z
2026-08-23 15:37:28,570 [INFO] pipeline.atomic_runner: END TIME: 2026-08-23T08:37:28.000Z
2026-08-23 15:37:30,570 [INFO] pipeline: [51/247] T1546.011 test 3
2026-08-23 15:37:30,571 [INFO] pipeline.atomic_runner: START TIME: 2026-08-23T08:37:30.000Z
2026-08-23 15:37:41,404 [INFO] pipeline.atomic_runner: END TIME: 2026-08-23T08:37:41.000Z
2026-08-23 15:37:43,404 [INFO] pipeline: [52/247] T1547.010 test 1
2026-08-23 15:37:43,405 [INFO] pipeline.atomic_runner: START TIME: 2026-08-23T08:37:43.000Z
2026-08-23 15:37:51,294 [INFO] pipeline.atomic_runner: END TIME: 2026-08-23T08:37:51.000Z
2026-08-23 15:37:53,294 [INFO] pipeline: [53/247] T1547.009 test 1
2026-08-23 15:37:53,296 [INFO] pipeline.atomic_runner: START TIME: 2026-08-23T08:37:53.000Z
2026-08-23 15:38:24,466 [INFO] pipeline.atomic_runner: END TIME: 2026-08-23T08:38:24.000Z
2026-08-23 15:38:26,466 [INFO] pipeline: [54/247] T1547.009 test 2
2026-08-23 15:38:26,468 [INFO] pipeline.atomic_runner: START TIME: 2026-08-23T08:38:26.000Z
2026-08-23 15:38:48,009 [INFO] pipeline.atomic_runner: END TIME: 2026-08-23T08:38:48.000Z
2026-08-23 15:38:50,009 [INFO] pipeline: [55/247] T1547.005 test 1
2026-08-23 15:38:50,010 [INFO] pipeline.atomic_runner: START TIME: 2026-08-23T08:38:50.000Z
2026-08-23 15:38:59,934 [INFO] pipeline.atomic_runner: END TIME: 2026-08-23T08:38:59.000Z
2026-08-23 15:39:01,934 [INFO] pipeline: [56/247] T1547.005 test 2
2026-08-23 15:39:01,935 [INFO] pipeline.atomic_runner: START TIME: 2026-08-23T08:39:01.000Z
2026-08-23 15:39:12,561 [INFO] pipeline.atomic_runner: END TIME: 2026-08-23T08:39:12.000Z
2026-08-23 15:39:14,562 [INFO] pipeline: [57/247] T1112 test 1
2026-08-23 15:39:14,566 [INFO] pipeline.atomic_runner: START TIME: 2026-08-23T08:39:14.000Z
2026-08-23 15:39:25,085 [INFO] pipeline.atomic_runner: END TIME: 2026-08-23T08:39:25.000Z
2026-08-23 15:39:27,085 [INFO] pipeline: [58/247] T1112 test 2
2026-08-23 15:39:27,086 [INFO] pipeline.atomic_runner: START TIME: 2026-08-23T08:39:27.000Z
2026-08-23 15:39:37,888 [INFO] pipeline.atomic_runner: END TIME: 2026-08-23T08:39:37.000Z
2026-08-23 15:39:39,889 [INFO] pipeline: [59/247] T1112 test 3
2026-08-23 15:39:39,890 [INFO] pipeline.atomic_runner: START TIME: 2026-08-23T08:39:39.000Z
2026-08-23 15:39:50,421 [INFO] pipeline.atomic_runner: END TIME: 2026-08-23T08:39:50.000Z
2026-08-23 15:39:52,421 [INFO] pipeline: [60/247] T1112 test 4
2026-08-23 15:39:52,446 [INFO] pipeline.atomic_runner: START TIME: 2026-08-23T08:39:52.000Z
2026-08-23 15:40:05,774 [INFO] pipeline.atomic_runner: END TIME: 2026-08-23T08:40:05.000Z
2026-08-23 15:40:07,775 [INFO] pipeline: [61/247] T1112 test 5
2026-08-23 15:40:07,776 [INFO] pipeline.atomic_runner: START TIME: 2026-08-23T08:40:07.000Z
2026-08-23 15:40:21,590 [INFO] pipeline.atomic_runner: END TIME: 2026-08-23T08:40:21.000Z
2026-08-23 15:40:23,591 [INFO] pipeline: [62/247] T1112 test 6
2026-08-23 15:40:23,591 [INFO] pipeline.atomic_runner: START TIME: 2026-08-23T08:40:23.000Z
2026-08-23 15:40:37,864 [INFO] pipeline.atomic_runner: END TIME: 2026-08-23T08:40:37.000Z
2026-08-23 15:40:39,864 [INFO] pipeline: [63/247] T1112 test 7
2026-08-23 15:40:39,865 [INFO] pipeline.atomic_runner: START TIME: 2026-08-23T08:40:39.000Z
2026-08-23 15:40:52,894 [INFO] pipeline.atomic_runner: END TIME: 2026-08-23T08:40:52.000Z
2026-08-23 15:40:54,894 [INFO] pipeline: [64/247] T1112 test 8
2026-08-23 15:40:54,895 [INFO] pipeline.atomic_runner: START TIME: 2026-08-23T08:40:54.000Z
2026-08-23 15:41:08,663 [INFO] pipeline.atomic_runner: END TIME: 2026-08-23T08:41:08.000Z
2026-08-23 15:41:10,664 [INFO] pipeline: [65/247] T1112 test 9
2026-08-23 15:41:10,664 [INFO] pipeline.atomic_runner: START TIME: 2026-08-23T08:41:10.000Z
2026-08-23 15:41:25,484 [INFO] pipeline.atomic_runner: END TIME: 2026-08-23T08:41:25.000Z
2026-08-23 15:41:27,485 [INFO] pipeline: [66/247] T1112 test 10
2026-08-23 15:41:27,486 [INFO] pipeline.atomic_runner: START TIME: 2026-08-23T08:41:27.000Z
2026-08-23 15:41:42,005 [INFO] pipeline.atomic_runner: END TIME: 2026-08-23T08:41:42.000Z
2026-08-23 15:41:44,006 [INFO] pipeline: [67/247] T1112 test 11
2026-08-23 15:41:44,006 [INFO] pipeline.atomic_runner: START TIME: 2026-08-23T08:41:44.000Z
2026-08-23 15:41:58,666 [INFO] pipeline.atomic_runner: END TIME: 2026-08-23T08:41:58.000Z
2026-08-23 15:42:00,666 [INFO] pipeline: [68/247] T1112 test 12
2026-08-23 15:42:00,667 [INFO] pipeline.atomic_runner: START TIME: 2026-08-23T08:42:00.000Z
2026-08-23 15:42:11,566 [INFO] pipeline.atomic_runner: END TIME: 2026-08-23T08:42:11.000Z
2026-08-23 15:42:13,567 [INFO] pipeline: [69/247] T1112 test 13
2026-08-23 15:42:13,568 [INFO] pipeline.atomic_runner: START TIME: 2026-08-23T08:42:13.000Z
2026-08-23 15:42:22,705 [INFO] pipeline.atomic_runner: END TIME: 2026-08-23T08:42:22.000Z
2026-08-23 15:42:24,705 [INFO] pipeline: [70/247] T1112 test 14
2026-08-23 15:42:24,706 [INFO] pipeline.atomic_runner: START TIME: 2026-08-23T08:42:24.000Z
2026-08-23 15:42:34,019 [INFO] pipeline.atomic_runner: END TIME: 2026-08-23T08:42:34.000Z
2026-08-23 15:42:36,019 [INFO] pipeline: [71/247] T1112 test 15
2026-08-23 15:42:36,020 [INFO] pipeline.atomic_runner: START TIME: 2026-08-23T08:42:36.000Z
2026-08-23 15:42:46,016 [INFO] pipeline.atomic_runner: END TIME: 2026-08-23T08:42:46.000Z
2026-08-23 15:42:48,017 [INFO] pipeline: [72/247] T1112 test 16
2026-08-23 15:42:48,018 [INFO] pipeline.atomic_runner: START TIME: 2026-08-23T08:42:48.000Z
2026-08-23 15:43:01,395 [INFO] pipeline.atomic_runner: END TIME: 2026-08-23T08:43:01.000Z
2026-08-23 15:43:03,395 [INFO] pipeline: [73/247] T1112 test 17
2026-08-23 15:43:03,396 [INFO] pipeline.atomic_runner: START TIME: 2026-08-23T08:43:03.000Z
2026-08-23 15:43:19,845 [INFO] pipeline.atomic_runner: END TIME: 2026-08-23T08:43:19.000Z
2026-08-23 15:43:21,846 [INFO] pipeline: [74/247] T1112 test 18
2026-08-23 15:43:21,846 [INFO] pipeline.atomic_runner: START TIME: 2026-08-23T08:43:21.000Z
2026-08-23 15:43:32,804 [INFO] pipeline.atomic_runner: END TIME: 2026-08-23T08:43:32.000Z
2026-08-23 15:43:34,805 [INFO] pipeline: [75/247] T1112 test 19
2026-08-23 15:43:34,805 [INFO] pipeline.atomic_runner: START TIME: 2026-08-23T08:43:34.000Z
2026-08-23 15:43:45,660 [INFO] pipeline.atomic_runner: END TIME: 2026-08-23T08:43:45.000Z
2026-08-23 15:43:47,661 [INFO] pipeline: [76/247] T1112 test 20
2026-08-23 15:43:47,661 [INFO] pipeline.atomic_runner: START TIME: 2026-08-23T08:43:47.000Z
2026-08-23 15:44:00,764 [INFO] pipeline.atomic_runner: END TIME: 2026-08-23T08:44:00.000Z
2026-08-23 15:44:02,764 [INFO] pipeline: [77/247] T1112 test 21
2026-08-23 15:44:02,765 [INFO] pipeline.atomic_runner: START TIME: 2026-08-23T08:44:02.000Z
2026-08-23 15:44:13,291 [INFO] pipeline.atomic_runner: END TIME: 2026-08-23T08:44:13.000Z
2026-08-23 15:44:15,292 [INFO] pipeline: [78/247] T1112 test 22
2026-08-23 15:44:15,294 [INFO] pipeline.atomic_runner: START TIME: 2026-08-23T08:44:15.000Z
2026-08-23 15:44:26,468 [INFO] pipeline.atomic_runner: END TIME: 2026-08-23T08:44:26.000Z
2026-08-23 15:44:28,469 [INFO] pipeline: [79/247] T1112 test 23
2026-08-23 15:44:28,469 [INFO] pipeline.atomic_runner: START TIME: 2026-08-23T08:44:28.000Z
2026-08-23 15:44:38,438 [INFO] pipeline.atomic_runner: END TIME: 2026-08-23T08:44:38.000Z
2026-08-23 15:44:40,439 [INFO] pipeline: [80/247] T1112 test 24
2026-08-23 15:44:40,439 [INFO] pipeline.atomic_runner: START TIME: 2026-08-23T08:44:40.000Z
2026-08-23 15:44:49,319 [INFO] pipeline.atomic_runner: END TIME: 2026-08-23T08:44:49.000Z
2026-08-23 15:44:51,319 [INFO] pipeline: [81/247] T1112 test 25
2026-08-23 15:44:51,320 [INFO] pipeline.atomic_runner: START TIME: 2026-08-23T08:44:51.000Z
2026-08-23 15:45:00,789 [INFO] pipeline.atomic_runner: END TIME: 2026-08-23T08:45:00.000Z
2026-08-23 15:45:02,790 [INFO] pipeline: [82/247] T1112 test 26
2026-08-23 15:45:02,790 [INFO] pipeline.atomic_runner: START TIME: 2026-08-23T08:45:02.000Z
2026-08-23 15:45:12,824 [INFO] pipeline.atomic_runner: END TIME: 2026-08-23T08:45:12.000Z
2026-08-23 15:45:14,825 [INFO] pipeline: [83/247] T1112 test 27
2026-08-23 15:45:14,825 [INFO] pipeline.atomic_runner: START TIME: 2026-08-23T08:45:14.000Z
2026-08-23 15:45:24,136 [INFO] pipeline.atomic_runner: END TIME: 2026-08-23T08:45:24.000Z
2026-08-23 15:45:26,136 [INFO] pipeline: [84/247] T1112 test 28
2026-08-23 15:45:26,137 [INFO] pipeline.atomic_runner: START TIME: 2026-08-23T08:45:26.000Z
2026-08-23 15:45:36,305 [INFO] pipeline.atomic_runner: END TIME: 2026-08-23T08:45:36.000Z
2026-08-23 15:45:38,306 [INFO] pipeline: [85/247] T1112 test 29
2026-08-23 15:45:38,306 [INFO] pipeline.atomic_runner: START TIME: 2026-08-23T08:45:38.000Z
2026-08-23 15:45:48,216 [INFO] pipeline.atomic_runner: END TIME: 2026-08-23T08:45:48.000Z
2026-08-23 15:45:50,216 [INFO] pipeline: [86/247] T1112 test 30
2026-08-23 15:45:50,217 [INFO] pipeline.atomic_runner: START TIME: 2026-08-23T08:45:50.000Z
2026-08-23 15:46:01,224 [INFO] pipeline.atomic_runner: END TIME: 2026-08-23T08:46:01.000Z
2026-08-23 15:46:03,224 [INFO] pipeline: [87/247] T1112 test 31
2026-08-23 15:46:03,225 [INFO] pipeline.atomic_runner: START TIME: 2026-08-23T08:46:03.000Z
2026-08-23 15:46:14,208 [INFO] pipeline.atomic_runner: END TIME: 2026-08-23T08:46:14.000Z
2026-08-23 15:46:16,208 [INFO] pipeline: [88/247] T1112 test 32
2026-08-23 15:46:16,209 [INFO] pipeline.atomic_runner: START TIME: 2026-08-23T08:46:16.000Z
2026-08-23 15:46:27,972 [INFO] pipeline.atomic_runner: END TIME: 2026-08-23T08:46:27.000Z
2026-08-23 15:46:29,973 [INFO] pipeline: [89/247] T1112 test 33
2026-08-23 15:46:29,973 [INFO] pipeline.atomic_runner: START TIME: 2026-08-23T08:46:29.000Z
2026-08-23 15:46:42,221 [INFO] pipeline.atomic_runner: END TIME: 2026-08-23T08:46:42.000Z
2026-08-23 15:46:44,221 [INFO] pipeline: [90/247] T1112 test 34
2026-08-23 15:46:44,222 [INFO] pipeline.atomic_runner: START TIME: 2026-08-23T08:46:44.000Z
2026-08-23 15:46:57,514 [INFO] pipeline.atomic_runner: END TIME: 2026-08-23T08:46:57.000Z
2026-08-23 15:46:59,514 [INFO] pipeline: [91/247] T1112 test 35
2026-08-23 15:46:59,515 [INFO] pipeline.atomic_runner: START TIME: 2026-08-23T08:46:59.000Z
2026-08-23 15:47:16,353 [INFO] pipeline.atomic_runner: END TIME: 2026-08-23T08:47:16.000Z
2026-08-23 15:47:18,353 [INFO] pipeline: [92/247] T1112 test 36
2026-08-23 15:47:18,354 [INFO] pipeline.atomic_runner: START TIME: 2026-08-23T08:47:18.000Z
2026-08-23 15:47:30,959 [INFO] pipeline.atomic_runner: END TIME: 2026-08-23T08:47:30.000Z
2026-08-23 15:47:32,960 [INFO] pipeline: [93/247] T1112 test 37
2026-08-23 15:47:32,961 [INFO] pipeline.atomic_runner: START TIME: 2026-08-23T08:47:32.000Z
2026-08-23 15:47:43,413 [INFO] pipeline.atomic_runner: END TIME: 2026-08-23T08:47:43.000Z
2026-08-23 15:47:45,413 [INFO] pipeline: [94/247] T1112 test 38
2026-08-23 15:47:45,414 [INFO] pipeline.atomic_runner: START TIME: 2026-08-23T08:47:45.000Z
2026-08-23 15:47:54,988 [INFO] pipeline.atomic_runner: END TIME: 2026-08-23T08:47:54.000Z
2026-08-23 15:47:56,988 [INFO] pipeline: [95/247] T1112 test 39
2026-08-23 15:47:56,989 [INFO] pipeline.atomic_runner: START TIME: 2026-08-23T08:47:56.000Z
2026-08-23 15:48:05,894 [INFO] pipeline.atomic_runner: END TIME: 2026-08-23T08:48:05.000Z
2026-08-23 15:48:07,894 [INFO] pipeline: [96/247] T1112 test 40
2026-08-23 15:48:07,894 [INFO] pipeline.atomic_runner: START TIME: 2026-08-23T08:48:07.000Z
2026-08-23 15:48:17,417 [INFO] pipeline.atomic_runner: END TIME: 2026-08-23T08:48:17.000Z
2026-08-23 15:48:19,417 [INFO] pipeline: [97/247] T1112 test 41
2026-08-23 15:48:19,418 [INFO] pipeline.atomic_runner: START TIME: 2026-08-23T08:48:19.000Z
2026-08-23 15:48:30,295 [INFO] pipeline.atomic_runner: END TIME: 2026-08-23T08:48:30.000Z
2026-08-23 15:48:32,295 [INFO] pipeline: [98/247] T1112 test 42
2026-08-23 15:48:32,296 [INFO] pipeline.atomic_runner: START TIME: 2026-08-23T08:48:32.000Z
2026-08-23 15:48:41,746 [INFO] pipeline.atomic_runner: END TIME: 2026-08-23T08:48:41.000Z
2026-08-23 15:48:43,746 [INFO] pipeline: [99/247] T1112 test 43
2026-08-23 15:48:43,747 [INFO] pipeline.atomic_runner: START TIME: 2026-08-23T08:48:43.000Z
2026-08-23 15:48:57,162 [INFO] pipeline.atomic_runner: END TIME: 2026-08-23T08:48:57.000Z
2026-08-23 15:48:59,162 [INFO] pipeline: [100/247] T1112 test 44
2026-08-23 15:48:59,162 [INFO] pipeline.atomic_runner: START TIME: 2026-08-23T08:48:59.000Z
2026-08-23 15:49:13,876 [INFO] pipeline.atomic_runner: END TIME: 2026-08-23T08:49:13.000Z
2026-08-23 15:49:15,877 [INFO] pipeline: [101/247] T1112 test 45
2026-08-23 15:49:15,877 [INFO] pipeline.atomic_runner: START TIME: 2026-08-23T08:49:15.000Z
2026-08-23 15:49:27,486 [INFO] pipeline.atomic_runner: END TIME: 2026-08-23T08:49:27.000Z
2026-08-23 15:49:29,486 [INFO] pipeline: [102/247] T1112 test 46
2026-08-23 15:49:29,487 [INFO] pipeline.atomic_runner: START TIME: 2026-08-23T08:49:29.000Z
2026-08-23 15:49:41,388 [INFO] pipeline.atomic_runner: END TIME: 2026-08-23T08:49:41.000Z
2026-08-23 15:49:43,389 [INFO] pipeline: [103/247] T1112 test 47
2026-08-23 15:49:43,389 [INFO] pipeline.atomic_runner: START TIME: 2026-08-23T08:49:43.000Z
2026-08-23 15:49:53,162 [INFO] pipeline.atomic_runner: END TIME: 2026-08-23T08:49:53.000Z
2026-08-23 15:49:55,162 [INFO] pipeline: [104/247] T1112 test 48
2026-08-23 15:49:55,163 [INFO] pipeline.atomic_runner: START TIME: 2026-08-23T08:49:55.000Z
2026-08-23 15:50:04,737 [INFO] pipeline.atomic_runner: END TIME: 2026-08-23T08:50:04.000Z
2026-08-23 15:50:06,737 [INFO] pipeline: [105/247] T1112 test 49
2026-08-23 15:50:06,738 [INFO] pipeline.atomic_runner: START TIME: 2026-08-23T08:50:06.000Z
2026-08-23 15:50:20,015 [INFO] pipeline.atomic_runner: END TIME: 2026-08-23T08:50:20.000Z
2026-08-23 15:50:22,016 [INFO] pipeline: [106/247] T1112 test 50
2026-08-23 15:50:22,017 [INFO] pipeline.atomic_runner: START TIME: 2026-08-23T08:50:22.000Z
2026-08-23 15:50:37,994 [INFO] pipeline.atomic_runner: END TIME: 2026-08-23T08:50:37.000Z
2026-08-23 15:50:39,995 [INFO] pipeline: [107/247] T1112 test 51
2026-08-23 15:50:39,996 [INFO] pipeline.atomic_runner: START TIME: 2026-08-23T08:50:39.000Z
2026-08-23 15:50:52,585 [INFO] pipeline.atomic_runner: END TIME: 2026-08-23T08:50:52.000Z
2026-08-23 15:50:54,585 [INFO] pipeline: [108/247] T1112 test 52
2026-08-23 15:50:54,586 [INFO] pipeline.atomic_runner: START TIME: 2026-08-23T08:50:54.000Z
2026-08-23 15:51:06,630 [INFO] pipeline.atomic_runner: END TIME: 2026-08-23T08:51:06.000Z
2026-08-23 15:51:08,631 [INFO] pipeline: [109/247] T1112 test 53
2026-08-23 15:51:08,632 [INFO] pipeline.atomic_runner: START TIME: 2026-08-23T08:51:08.000Z
2026-08-23 15:51:20,780 [INFO] pipeline.atomic_runner: END TIME: 2026-08-23T08:51:20.000Z
2026-08-23 15:51:22,781 [INFO] pipeline: [110/247] T1112 test 54
2026-08-23 15:51:22,781 [INFO] pipeline.atomic_runner: START TIME: 2026-08-23T08:51:22.000Z
2026-08-23 15:51:40,644 [INFO] pipeline.atomic_runner: END TIME: 2026-08-23T08:51:40.000Z
2026-08-23 15:51:42,645 [INFO] pipeline: [111/247] T1112 test 55
2026-08-23 15:51:42,645 [INFO] pipeline.atomic_runner: START TIME: 2026-08-23T08:51:42.000Z
2026-08-23 15:52:04,572 [INFO] pipeline.atomic_runner: END TIME: 2026-08-23T08:52:04.000Z
2026-08-23 15:52:06,572 [INFO] pipeline: [112/247] T1112 test 56
2026-08-23 15:52:06,573 [INFO] pipeline.atomic_runner: START TIME: 2026-08-23T08:52:06.000Z
2026-08-23 15:52:17,757 [INFO] pipeline.atomic_runner: END TIME: 2026-08-23T08:52:17.000Z
2026-08-23 15:52:19,758 [INFO] pipeline: [113/247] T1112 test 57
2026-08-23 15:52:19,758 [INFO] pipeline.atomic_runner: START TIME: 2026-08-23T08:52:19.000Z
2026-08-23 15:52:35,449 [INFO] pipeline.atomic_runner: END TIME: 2026-08-23T08:52:35.000Z
2026-08-23 15:52:37,449 [INFO] pipeline: [114/247] T1112 test 58
2026-08-23 15:52:37,450 [INFO] pipeline.atomic_runner: START TIME: 2026-08-23T08:52:37.000Z
2026-08-23 15:53:03,889 [INFO] pipeline.atomic_runner: END TIME: 2026-08-23T08:53:03.000Z
2026-08-23 15:53:05,890 [INFO] pipeline: [115/247] T1112 test 59
2026-08-23 15:53:05,891 [INFO] pipeline.atomic_runner: START TIME: 2026-08-23T08:53:05.000Z
2026-08-23 15:53:30,814 [INFO] pipeline.atomic_runner: END TIME: 2026-08-23T08:53:30.000Z
2026-08-23 15:53:32,814 [INFO] pipeline: [116/247] T1112 test 60
2026-08-23 15:53:32,816 [INFO] pipeline.atomic_runner: START TIME: 2026-08-23T08:53:32.000Z
2026-08-23 15:53:46,283 [INFO] pipeline.atomic_runner: END TIME: 2026-08-23T08:53:46.000Z
2026-08-23 15:53:48,284 [INFO] pipeline: [117/247] T1112 test 61
2026-08-23 15:53:48,284 [INFO] pipeline.atomic_runner: START TIME: 2026-08-23T08:53:48.000Z
2026-08-23 15:54:01,779 [INFO] pipeline.atomic_runner: END TIME: 2026-08-23T08:54:01.000Z
2026-08-23 15:54:03,779 [INFO] pipeline: [118/247] T1112 test 62
2026-08-23 15:54:03,781 [INFO] pipeline.atomic_runner: START TIME: 2026-08-23T08:54:03.000Z
2026-08-23 15:54:15,855 [INFO] pipeline.atomic_runner: END TIME: 2026-08-23T08:54:15.000Z
2026-08-23 15:54:17,856 [INFO] pipeline: [119/247] T1112 test 63
2026-08-23 15:54:17,856 [INFO] pipeline.atomic_runner: START TIME: 2026-08-23T08:54:17.000Z
2026-08-23 15:54:28,746 [INFO] pipeline.atomic_runner: END TIME: 2026-08-23T08:54:28.000Z
2026-08-23 15:54:30,747 [INFO] pipeline: [120/247] T1112 test 64
2026-08-23 15:54:30,747 [INFO] pipeline.atomic_runner: START TIME: 2026-08-23T08:54:30.000Z
2026-08-23 15:54:44,320 [INFO] pipeline.atomic_runner: END TIME: 2026-08-23T08:54:44.000Z
2026-08-23 15:54:46,320 [INFO] pipeline: [121/247] T1112 test 65
2026-08-23 15:54:46,321 [INFO] pipeline.atomic_runner: START TIME: 2026-08-23T08:54:46.000Z
2026-08-23 15:54:59,512 [INFO] pipeline.atomic_runner: END TIME: 2026-08-23T08:54:59.000Z
2026-08-23 15:55:01,512 [INFO] pipeline: [122/247] T1112 test 66
2026-08-23 15:55:01,513 [INFO] pipeline.atomic_runner: START TIME: 2026-08-23T08:55:01.000Z
2026-08-23 15:55:11,758 [INFO] pipeline.atomic_runner: END TIME: 2026-08-23T08:55:11.000Z
2026-08-23 15:55:13,758 [INFO] pipeline: [123/247] T1112 test 67
2026-08-23 15:55:13,764 [INFO] pipeline.atomic_runner: START TIME: 2026-08-23T08:55:13.000Z
2026-08-23 15:55:24,506 [INFO] pipeline.atomic_runner: END TIME: 2026-08-23T08:55:24.000Z
2026-08-23 15:55:26,507 [INFO] pipeline: [124/247] T1112 test 68
2026-08-23 15:55:26,508 [INFO] pipeline.atomic_runner: START TIME: 2026-08-23T08:55:26.000Z
2026-08-23 15:55:42,074 [INFO] pipeline.atomic_runner: END TIME: 2026-08-23T08:55:42.000Z
2026-08-23 15:55:44,075 [INFO] pipeline: [125/247] T1112 test 69
2026-08-23 15:55:44,076 [INFO] pipeline.atomic_runner: START TIME: 2026-08-23T08:55:44.000Z
2026-08-23 15:57:44,198 [WARNING] pipeline: Skipping T1112 69 due to run failure: Command '['pwsh', '-File', 'scripts/run_atomic.ps1', '-JsonFile', 'output/current_round.json']' timed out after 120 seconds
2026-08-23 15:57:46,200 [INFO] pipeline: [126/247] T1112 test 70
2026-08-23 15:57:46,202 [INFO] pipeline.atomic_runner: START TIME: 2026-08-23T08:57:46.000Z
2026-08-23 15:58:16,515 [INFO] pipeline.atomic_runner: END TIME: 2026-08-23T08:58:16.000Z
2026-08-23 15:58:18,515 [INFO] pipeline: [127/247] T1112 test 71
2026-08-23 15:58:18,516 [INFO] pipeline.atomic_runner: START TIME: 2026-08-23T08:58:18.000Z
2026-08-23 15:58:35,896 [INFO] pipeline.atomic_runner: END TIME: 2026-08-23T08:58:35.000Z
2026-08-23 15:58:37,896 [INFO] pipeline: [128/247] T1112 test 72
2026-08-23 15:58:37,897 [INFO] pipeline.atomic_runner: START TIME: 2026-08-23T08:58:37.000Z
2026-08-23 15:59:02,125 [INFO] pipeline.atomic_runner: END TIME: 2026-08-23T08:59:02.000Z
2026-08-23 15:59:04,125 [INFO] pipeline: [129/247] T1112 test 73
2026-08-23 15:59:04,126 [INFO] pipeline.atomic_runner: START TIME: 2026-08-23T08:59:04.000Z
2026-08-23 15:59:17,055 [INFO] pipeline.atomic_runner: END TIME: 2026-08-23T08:59:17.000Z
2026-08-23 15:59:19,056 [INFO] pipeline: [130/247] T1112 test 74
2026-08-23 15:59:19,058 [INFO] pipeline.atomic_runner: START TIME: 2026-08-23T08:59:19.000Z
2026-08-23 15:59:38,007 [INFO] pipeline.atomic_runner: END TIME: 2026-08-23T08:59:38.000Z
2026-08-23 15:59:40,007 [INFO] pipeline: [131/247] T1112 test 75
2026-08-23 15:59:40,009 [INFO] pipeline.atomic_runner: START TIME: 2026-08-23T08:59:40.000Z
2026-08-23 15:59:57,656 [INFO] pipeline.atomic_runner: END TIME: 2026-08-23T08:59:57.000Z
2026-08-23 15:59:59,657 [INFO] pipeline: [132/247] T1112 test 76
2026-08-23 15:59:59,658 [INFO] pipeline.atomic_runner: START TIME: 2026-08-23T08:59:59.000Z
2026-08-23 16:00:18,942 [INFO] pipeline.atomic_runner: END TIME: 2026-08-23T09:00:18.000Z
2026-08-23 16:00:20,943 [INFO] pipeline: [133/247] T1112 test 77
2026-08-23 16:00:20,944 [INFO] pipeline.atomic_runner: START TIME: 2026-08-23T09:00:20.000Z
2026-08-23 16:00:32,861 [INFO] pipeline.atomic_runner: END TIME: 2026-08-23T09:00:32.000Z
2026-08-23 16:00:34,862 [INFO] pipeline: [134/247] T1112 test 78
2026-08-23 16:00:34,865 [INFO] pipeline.atomic_runner: START TIME: 2026-08-23T09:00:34.000Z
2026-08-23 16:01:01,538 [INFO] pipeline.atomic_runner: END TIME: 2026-08-23T09:01:01.000Z
2026-08-23 16:01:03,539 [INFO] pipeline: [135/247] T1112 test 79
2026-08-23 16:01:03,540 [INFO] pipeline.atomic_runner: START TIME: 2026-08-23T09:01:03.000Z
2026-08-23 16:01:20,877 [INFO] pipeline.atomic_runner: END TIME: 2026-08-23T09:01:20.000Z
2026-08-23 16:01:22,878 [INFO] pipeline: [136/247] T1112 test 80
2026-08-23 16:01:22,878 [INFO] pipeline.atomic_runner: START TIME: 2026-08-23T09:01:22.000Z
2026-08-23 16:01:35,848 [INFO] pipeline.atomic_runner: END TIME: 2026-08-23T09:01:35.000Z
2026-08-23 16:01:37,850 [INFO] pipeline: [137/247] T1112 test 81
2026-08-23 16:01:37,851 [INFO] pipeline.atomic_runner: START TIME: 2026-08-23T09:01:37.000Z
2026-08-23 16:01:53,432 [INFO] pipeline.atomic_runner: END TIME: 2026-08-23T09:01:53.000Z
2026-08-23 16:01:55,432 [INFO] pipeline: [138/247] T1112 test 82
2026-08-23 16:01:55,433 [INFO] pipeline.atomic_runner: START TIME: 2026-08-23T09:01:55.000Z
2026-08-23 16:02:05,058 [INFO] pipeline.atomic_runner: END TIME: 2026-08-23T09:02:05.000Z
2026-08-23 16:02:07,058 [INFO] pipeline: [139/247] T1112 test 83
2026-08-23 16:02:07,059 [INFO] pipeline.atomic_runner: START TIME: 2026-08-23T09:02:07.000Z
2026-08-23 16:02:17,024 [INFO] pipeline.atomic_runner: END TIME: 2026-08-23T09:02:17.000Z
2026-08-23 16:02:19,025 [INFO] pipeline: [140/247] T1112 test 84
2026-08-23 16:02:19,026 [INFO] pipeline.atomic_runner: START TIME: 2026-08-23T09:02:19.000Z
2026-08-23 16:02:28,032 [INFO] pipeline.atomic_runner: END TIME: 2026-08-23T09:02:28.000Z
2026-08-23 16:02:30,032 [INFO] pipeline: [141/247] T1112 test 85
2026-08-23 16:02:30,033 [INFO] pipeline.atomic_runner: START TIME: 2026-08-23T09:02:30.000Z
2026-08-23 16:02:38,694 [INFO] pipeline.atomic_runner: END TIME: 2026-08-23T09:02:38.000Z
2026-08-23 16:02:40,694 [INFO] pipeline: [142/247] T1112 test 86
2026-08-23 16:02:40,695 [INFO] pipeline.atomic_runner: START TIME: 2026-08-23T09:02:40.000Z
2026-08-23 16:02:49,791 [INFO] pipeline.atomic_runner: END TIME: 2026-08-23T09:02:49.000Z
2026-08-23 16:02:51,792 [INFO] pipeline: [143/247] T1112 test 87
2026-08-23 16:02:51,792 [INFO] pipeline.atomic_runner: START TIME: 2026-08-23T09:02:51.000Z
2026-08-23 16:03:00,162 [INFO] pipeline.atomic_runner: END TIME: 2026-08-23T09:03:00.000Z
2026-08-23 16:03:02,163 [INFO] pipeline: [144/247] T1112 test 88
2026-08-23 16:03:02,164 [INFO] pipeline.atomic_runner: START TIME: 2026-08-23T09:03:02.000Z
2026-08-23 16:03:10,213 [INFO] pipeline.atomic_runner: END TIME: 2026-08-23T09:03:10.000Z
2026-08-23 16:03:12,213 [INFO] pipeline: [145/247] T1112 test 89
2026-08-23 16:03:12,215 [INFO] pipeline.atomic_runner: START TIME: 2026-08-23T09:03:12.000Z
2026-08-23 16:03:23,354 [INFO] pipeline.atomic_runner: END TIME: 2026-08-23T09:03:23.000Z
2026-08-23 16:03:25,354 [INFO] pipeline: [146/247] T1112 test 90
2026-08-23 16:03:25,355 [INFO] pipeline.atomic_runner: START TIME: 2026-08-23T09:03:25.000Z
2026-08-23 16:03:33,905 [INFO] pipeline.atomic_runner: END TIME: 2026-08-23T09:03:33.000Z
2026-08-23 16:03:35,905 [INFO] pipeline: [147/247] T1505.003 test 1
2026-08-23 16:03:35,907 [INFO] pipeline.atomic_runner: START TIME: 2026-08-23T09:03:35.000Z
2026-08-23 16:03:42,739 [INFO] pipeline.atomic_runner: END TIME: 2026-08-23T09:03:42.000Z
2026-08-23 16:03:44,739 [INFO] pipeline: [148/247] T1078.001 test 1
2026-08-23 16:03:44,742 [INFO] pipeline: Skipping T1078.001 1: no detection rules for this technique
2026-08-23 16:03:46,743 [INFO] pipeline: [149/247] T1078.001 test 2
2026-08-23 16:03:46,743 [INFO] pipeline: Skipping T1078.001 2: no detection rules for this technique
2026-08-23 16:03:48,745 [INFO] pipeline: [150/247] T1547.003 test 1
2026-08-23 16:03:48,746 [INFO] pipeline.atomic_runner: START TIME: 2026-08-23T09:03:48.000Z
2026-08-23 16:04:05,103 [INFO] pipeline.atomic_runner: END TIME: 2026-08-23T09:04:05.000Z
2026-08-23 16:04:07,103 [INFO] pipeline: [151/247] T1547.003 test 2
2026-08-23 16:04:07,104 [INFO] pipeline.atomic_runner: START TIME: 2026-08-23T09:04:07.000Z
2026-08-23 16:04:22,710 [INFO] pipeline.atomic_runner: END TIME: 2026-08-23T09:04:22.000Z
2026-08-23 16:04:24,711 [INFO] pipeline: [152/247] T1136.001 test 4
2026-08-23 16:04:24,713 [INFO] pipeline.atomic_runner: START TIME: 2026-08-23T09:04:24.000Z
2026-08-23 16:04:34,449 [INFO] pipeline.atomic_runner: END TIME: 2026-08-23T09:04:34.000Z
2026-08-23 16:04:36,449 [INFO] pipeline: [153/247] T1136.001 test 5
2026-08-23 16:04:36,450 [INFO] pipeline.atomic_runner: START TIME: 2026-08-23T09:04:36.000Z
2026-08-23 16:04:47,351 [INFO] pipeline.atomic_runner: END TIME: 2026-08-23T09:04:47.000Z
2026-08-23 16:04:49,352 [INFO] pipeline: [154/247] T1136.001 test 8
2026-08-23 16:04:49,353 [INFO] pipeline.atomic_runner: START TIME: 2026-08-23T09:04:49.000Z
2026-08-23 16:04:57,743 [INFO] pipeline.atomic_runner: END TIME: 2026-08-23T09:04:57.000Z
2026-08-23 16:04:59,743 [INFO] pipeline: [155/247] T1136.001 test 9
2026-08-23 16:04:59,744 [INFO] pipeline.atomic_runner: START TIME: 2026-08-23T09:04:59.000Z
2026-08-23 16:05:35,240 [INFO] pipeline.atomic_runner: END TIME: 2026-08-23T09:05:35.000Z
2026-08-23 16:05:37,241 [INFO] pipeline: [156/247] T1547.004 test 1
2026-08-23 16:05:37,242 [INFO] pipeline.atomic_runner: START TIME: 2026-08-23T09:05:37.000Z
2026-08-23 16:05:49,180 [INFO] pipeline.atomic_runner: END TIME: 2026-08-23T09:05:49.000Z
2026-08-23 16:05:51,180 [INFO] pipeline: [157/247] T1547.004 test 2
2026-08-23 16:05:51,181 [INFO] pipeline.atomic_runner: START TIME: 2026-08-23T09:05:51.000Z
2026-08-23 16:06:00,158 [INFO] pipeline.atomic_runner: END TIME: 2026-08-23T09:06:00.000Z
2026-08-23 16:06:02,159 [INFO] pipeline: [158/247] T1547.004 test 3
2026-08-23 16:06:02,160 [INFO] pipeline.atomic_runner: START TIME: 2026-08-23T09:06:02.000Z
2026-08-23 16:08:02,278 [WARNING] pipeline: Skipping T1547.004 3 due to run failure: Command '['pwsh', '-File', 'scripts/run_atomic.ps1', '-JsonFile', 'output/current_round.json']' timed out after 120 seconds
2026-08-23 16:08:04,278 [INFO] pipeline: [159/247] T1547.004 test 4
2026-08-23 16:08:04,279 [INFO] pipeline.atomic_runner: START TIME: 2026-08-23T09:08:04.000Z
2026-08-23 16:08:24,298 [INFO] pipeline.atomic_runner: END TIME: 2026-08-23T09:08:24.000Z
2026-08-23 16:08:26,298 [INFO] pipeline: [160/247] T1547.004 test 5
2026-08-23 16:08:26,299 [INFO] pipeline.atomic_runner: START TIME: 2026-08-23T09:08:26.000Z
2026-08-23 16:08:34,245 [INFO] pipeline.atomic_runner: END TIME: 2026-08-23T09:08:34.000Z
2026-08-23 16:08:36,245 [INFO] pipeline: [161/247] T1546.012 test 1
2026-08-23 16:08:36,248 [INFO] pipeline.atomic_runner: START TIME: 2026-08-23T09:08:36.000Z
2026-08-23 16:08:42,616 [INFO] pipeline.atomic_runner: END TIME: 2026-08-23T09:08:42.000Z
2026-08-23 16:08:44,617 [INFO] pipeline: [162/247] T1546.012 test 2
2026-08-23 16:08:44,618 [INFO] pipeline.atomic_runner: START TIME: 2026-08-23T09:08:44.000Z
2026-08-23 16:08:51,200 [INFO] pipeline.atomic_runner: END TIME: 2026-08-23T09:08:51.000Z
2026-08-23 16:08:53,200 [INFO] pipeline: [163/247] T1546.012 test 3
2026-08-23 16:08:53,201 [INFO] pipeline.atomic_runner: START TIME: 2026-08-23T09:08:53.000Z
2026-08-23 16:09:02,504 [INFO] pipeline.atomic_runner: END TIME: 2026-08-23T09:09:02.000Z
2026-08-23 16:09:04,504 [INFO] pipeline: [164/247] T1546.008 test 1
2026-08-23 16:09:04,507 [INFO] pipeline.atomic_runner: START TIME: 2026-08-23T09:09:04.000Z
2026-08-23 16:09:15,598 [INFO] pipeline.atomic_runner: END TIME: 2026-08-23T09:09:15.000Z
2026-08-23 16:09:17,598 [INFO] pipeline: [165/247] T1546.008 test 2
2026-08-23 16:09:17,599 [INFO] pipeline.atomic_runner: START TIME: 2026-08-23T09:09:17.000Z
2026-08-23 16:09:24,152 [INFO] pipeline.atomic_runner: END TIME: 2026-08-23T09:09:24.000Z
2026-08-23 16:09:26,152 [INFO] pipeline: [166/247] T1546.008 test 3
2026-08-23 16:09:26,153 [INFO] pipeline.atomic_runner: START TIME: 2026-08-23T09:09:26.000Z
2026-08-23 16:09:35,818 [INFO] pipeline.atomic_runner: END TIME: 2026-08-23T09:09:35.000Z
2026-08-23 16:09:37,818 [INFO] pipeline: [167/247] T1546.008 test 4
2026-08-23 16:09:37,819 [INFO] pipeline.atomic_runner: START TIME: 2026-08-23T09:09:37.000Z
2026-08-23 16:09:45,606 [INFO] pipeline.atomic_runner: END TIME: 2026-08-23T09:09:45.000Z
2026-08-23 16:09:47,606 [INFO] pipeline: [168/247] T1546.008 test 5
2026-08-23 16:09:47,607 [INFO] pipeline.atomic_runner: START TIME: 2026-08-23T09:09:47.000Z
2026-08-23 16:09:54,705 [INFO] pipeline.atomic_runner: END TIME: 2026-08-23T09:09:54.000Z
2026-08-23 16:09:56,705 [INFO] pipeline: [169/247] T1546.008 test 6
2026-08-23 16:09:56,706 [INFO] pipeline.atomic_runner: START TIME: 2026-08-23T09:09:56.000Z
2026-08-23 16:10:04,440 [INFO] pipeline.atomic_runner: END TIME: 2026-08-23T09:10:04.000Z
2026-08-23 16:10:06,440 [INFO] pipeline: [170/247] T1546.008 test 7
2026-08-23 16:10:06,440 [INFO] pipeline.atomic_runner: START TIME: 2026-08-23T09:10:06.000Z
2026-08-23 16:10:13,475 [INFO] pipeline.atomic_runner: END TIME: 2026-08-23T09:10:13.000Z
2026-08-23 16:10:15,475 [INFO] pipeline: [171/247] T1546.008 test 8
2026-08-23 16:10:15,476 [INFO] pipeline.atomic_runner: START TIME: 2026-08-23T09:10:15.000Z
2026-08-23 16:10:22,484 [INFO] pipeline.atomic_runner: END TIME: 2026-08-23T09:10:22.000Z
2026-08-23 16:10:24,484 [INFO] pipeline: [172/247] T1546.008 test 9
2026-08-23 16:10:24,485 [INFO] pipeline.atomic_runner: START TIME: 2026-08-23T09:10:24.000Z
2026-08-23 16:10:31,850 [INFO] pipeline.atomic_runner: END TIME: 2026-08-23T09:10:31.000Z
2026-08-23 16:10:33,851 [INFO] pipeline: [173/247] T1546.008 test 10
2026-08-23 16:10:33,851 [INFO] pipeline.atomic_runner: START TIME: 2026-08-23T09:10:33.000Z
2026-08-23 16:10:41,666 [INFO] pipeline.atomic_runner: END TIME: 2026-08-23T09:10:41.000Z
2026-08-23 16:10:43,666 [INFO] pipeline: [174/247] T1136.002 test 1
2026-08-23 16:10:43,667 [INFO] pipeline.atomic_runner: START TIME: 2026-08-23T09:10:43.000Z
2026-08-23 16:10:51,953 [INFO] pipeline.atomic_runner: END TIME: 2026-08-23T09:10:51.000Z
2026-08-23 16:10:53,953 [INFO] pipeline: [175/247] T1136.002 test 2
2026-08-23 16:10:53,954 [INFO] pipeline.atomic_runner: START TIME: 2026-08-23T09:10:53.000Z
2026-08-23 16:11:01,157 [INFO] pipeline.atomic_runner: END TIME: 2026-08-23T09:11:01.000Z
2026-08-23 16:11:03,158 [INFO] pipeline: [176/247] T1136.002 test 3
2026-08-23 16:11:03,158 [INFO] pipeline.atomic_runner: START TIME: 2026-08-23T09:11:03.000Z
2026-08-23 16:11:13,997 [INFO] pipeline.atomic_runner: END TIME: 2026-08-23T09:11:13.000Z
2026-08-23 16:11:15,997 [INFO] pipeline: [177/247] T1137.001 test 1
2026-08-23 16:11:15,998 [INFO] pipeline.atomic_runner: START TIME: 2026-08-23T09:11:15.000Z
2026-08-23 16:11:44,240 [INFO] pipeline.atomic_runner: END TIME: 2026-08-23T09:11:44.000Z
2026-08-23 16:11:46,240 [INFO] pipeline: [178/247] T1546.009 test 1
2026-08-23 16:11:46,241 [INFO] pipeline.atomic_runner: START TIME: 2026-08-23T09:11:46.000Z
2026-08-23 16:12:01,096 [INFO] pipeline.atomic_runner: END TIME: 2026-08-23T09:12:01.000Z
2026-08-23 16:12:03,096 [INFO] pipeline: [179/247] T1546.003 test 1
2026-08-23 16:12:03,099 [INFO] pipeline.atomic_runner: START TIME: 2026-08-23T09:12:03.000Z
2026-08-23 16:14:03,129 [WARNING] pipeline: Skipping T1546.003 1 due to run failure: Command '['pwsh', '-File', 'scripts/run_atomic.ps1', '-JsonFile', 'output/current_round.json']' timed out after 120 seconds
2026-08-23 16:14:05,130 [INFO] pipeline: [180/247] T1546.003 test 2
2026-08-23 16:14:05,131 [INFO] pipeline.atomic_runner: START TIME: 2026-08-23T09:14:05.000Z
2026-08-23 16:14:47,813 [INFO] pipeline.atomic_runner: END TIME: 2026-08-23T09:14:47.000Z
2026-08-23 16:14:49,813 [INFO] pipeline: [181/247] T1546.003 test 3
2026-08-23 16:14:49,814 [INFO] pipeline.atomic_runner: START TIME: 2026-08-23T09:14:49.000Z
2026-08-23 16:15:22,106 [INFO] pipeline.atomic_runner: END TIME: 2026-08-23T09:15:22.000Z
2026-08-23 16:15:24,107 [INFO] pipeline: [182/247] T1546.001 test 1
2026-08-23 16:15:24,107 [INFO] pipeline: Skipping T1546.001 1: no detection rules for this technique
2026-08-23 16:15:26,108 [INFO] pipeline: [183/247] T1547.001 test 1
2026-08-23 16:15:26,109 [INFO] pipeline.atomic_runner: START TIME: 2026-08-23T09:15:26.000Z
2026-08-23 16:15:50,395 [INFO] pipeline.atomic_runner: END TIME: 2026-08-23T09:15:50.000Z
2026-08-23 16:15:52,395 [INFO] pipeline: [184/247] T1547.001 test 2
2026-08-23 16:15:52,396 [INFO] pipeline.atomic_runner: START TIME: 2026-08-23T09:15:52.000Z
2026-08-23 16:16:11,877 [INFO] pipeline.atomic_runner: END TIME: 2026-08-23T09:16:11.000Z
2026-08-23 16:16:13,878 [INFO] pipeline: [185/247] T1547.001 test 3
2026-08-23 16:16:13,878 [INFO] pipeline.atomic_runner: START TIME: 2026-08-23T09:16:13.000Z
2026-08-23 16:16:45,151 [INFO] pipeline.atomic_runner: END TIME: 2026-08-23T09:16:45.000Z
2026-08-23 16:16:47,152 [INFO] pipeline: [186/247] T1547.001 test 4
2026-08-23 16:16:47,152 [INFO] pipeline.atomic_runner: START TIME: 2026-08-23T09:16:47.000Z
2026-08-23 16:17:10,354 [INFO] pipeline.atomic_runner: END TIME: 2026-08-23T09:17:10.000Z
2026-08-23 16:17:12,354 [INFO] pipeline: [187/247] T1547.001 test 5
2026-08-23 16:17:12,355 [INFO] pipeline.atomic_runner: START TIME: 2026-08-23T09:17:12.000Z
2026-08-23 16:17:29,203 [INFO] pipeline.atomic_runner: END TIME: 2026-08-23T09:17:29.000Z
2026-08-23 16:17:31,204 [INFO] pipeline: [188/247] T1547.001 test 6
2026-08-23 16:17:31,204 [INFO] pipeline.atomic_runner: START TIME: 2026-08-23T09:17:31.000Z
2026-08-23 16:19:31,319 [WARNING] pipeline: Skipping T1547.001 6 due to run failure: Command '['pwsh', '-File', 'scripts/run_atomic.ps1', '-JsonFile', 'output/current_round.json']' timed out after 120 seconds
2026-08-23 16:19:33,320 [INFO] pipeline: [189/247] T1547.001 test 7
2026-08-23 16:19:33,321 [INFO] pipeline.atomic_runner: START TIME: 2026-08-23T09:19:33.000Z
2026-08-23 16:19:52,580 [INFO] pipeline.atomic_runner: END TIME: 2026-08-23T09:19:52.000Z
2026-08-23 16:19:54,580 [INFO] pipeline: [190/247] T1547.001 test 8
2026-08-23 16:19:54,586 [INFO] pipeline.atomic_runner: START TIME: 2026-08-23T09:19:54.000Z
2026-08-23 16:20:05,862 [INFO] pipeline.atomic_runner: END TIME: 2026-08-23T09:20:05.000Z
2026-08-23 16:20:07,863 [INFO] pipeline: [191/247] T1547.001 test 9
2026-08-23 16:20:07,864 [INFO] pipeline.atomic_runner: START TIME: 2026-08-23T09:20:07.000Z
2026-08-23 16:20:21,217 [INFO] pipeline.atomic_runner: END TIME: 2026-08-23T09:20:21.000Z
2026-08-23 16:20:23,218 [INFO] pipeline: [192/247] T1547.001 test 10
2026-08-23 16:20:23,218 [INFO] pipeline.atomic_runner: START TIME: 2026-08-23T09:20:23.000Z
2026-08-23 16:20:35,681 [INFO] pipeline.atomic_runner: END TIME: 2026-08-23T09:20:35.000Z
2026-08-23 16:20:37,682 [INFO] pipeline: [193/247] T1547.001 test 11
2026-08-23 16:20:37,683 [INFO] pipeline.atomic_runner: START TIME: 2026-08-23T09:20:37.000Z
2026-08-23 16:20:51,093 [INFO] pipeline.atomic_runner: END TIME: 2026-08-23T09:20:51.000Z
2026-08-23 16:20:53,094 [INFO] pipeline: [194/247] T1547.001 test 12
2026-08-23 16:20:53,095 [INFO] pipeline.atomic_runner: START TIME: 2026-08-23T09:20:53.000Z
2026-08-23 16:21:05,417 [INFO] pipeline.atomic_runner: END TIME: 2026-08-23T09:21:05.000Z
2026-08-23 16:21:07,417 [INFO] pipeline: [195/247] T1547.001 test 13
2026-08-23 16:21:07,418 [INFO] pipeline.atomic_runner: START TIME: 2026-08-23T09:21:07.000Z
2026-08-23 16:21:23,487 [INFO] pipeline.atomic_runner: END TIME: 2026-08-23T09:21:23.000Z
2026-08-23 16:21:25,488 [INFO] pipeline: [196/247] T1547.001 test 14
2026-08-23 16:21:25,489 [INFO] pipeline.atomic_runner: START TIME: 2026-08-23T09:21:25.000Z
2026-08-23 16:21:41,326 [INFO] pipeline.atomic_runner: END TIME: 2026-08-23T09:21:41.000Z
2026-08-23 16:21:43,326 [INFO] pipeline: [197/247] T1547.001 test 15
2026-08-23 16:21:43,328 [INFO] pipeline.atomic_runner: START TIME: 2026-08-23T09:21:43.000Z
2026-08-23 16:21:54,815 [INFO] pipeline.atomic_runner: END TIME: 2026-08-23T09:21:54.000Z
2026-08-23 16:21:56,815 [INFO] pipeline: [198/247] T1547.001 test 16
2026-08-23 16:21:56,816 [INFO] pipeline.atomic_runner: START TIME: 2026-08-23T09:21:56.000Z
2026-08-23 16:22:06,920 [INFO] pipeline.atomic_runner: END TIME: 2026-08-23T09:22:06.000Z
2026-08-23 16:22:08,921 [INFO] pipeline: [199/247] T1547.001 test 17
2026-08-23 16:22:08,921 [INFO] pipeline.atomic_runner: START TIME: 2026-08-23T09:22:08.000Z
2026-08-23 16:22:18,833 [INFO] pipeline.atomic_runner: END TIME: 2026-08-23T09:22:18.000Z
2026-08-23 16:22:20,834 [INFO] pipeline: [200/247] T1547.001 test 18
2026-08-23 16:22:20,834 [INFO] pipeline.atomic_runner: START TIME: 2026-08-23T09:22:20.000Z
2026-08-23 16:22:28,129 [INFO] pipeline.atomic_runner: END TIME: 2026-08-23T09:22:28.000Z
2026-08-23 16:22:30,129 [INFO] pipeline: [201/247] T1547.001 test 19
2026-08-23 16:22:30,130 [INFO] pipeline.atomic_runner: START TIME: 2026-08-23T09:22:30.000Z
2026-08-23 16:22:37,864 [INFO] pipeline.atomic_runner: END TIME: 2026-08-23T09:22:37.000Z
2026-08-23 16:22:39,865 [INFO] pipeline: [202/247] T1547.001 test 20
2026-08-23 16:22:39,867 [INFO] pipeline.atomic_runner: START TIME: 2026-08-23T09:22:39.000Z
2026-08-23 16:22:47,188 [INFO] pipeline.atomic_runner: END TIME: 2026-08-23T09:22:47.000Z
2026-08-23 16:22:49,188 [INFO] pipeline: [203/247] T1098 test 1
2026-08-23 16:22:49,189 [INFO] pipeline.atomic_runner: START TIME: 2026-08-23T09:22:49.000Z
2026-08-23 16:23:00,303 [INFO] pipeline.atomic_runner: END TIME: 2026-08-23T09:23:00.000Z
2026-08-23 16:23:02,304 [INFO] pipeline: [204/247] T1098 test 2
2026-08-23 16:23:02,305 [INFO] pipeline.atomic_runner: START TIME: 2026-08-23T09:23:02.000Z
2026-08-23 16:23:17,036 [INFO] pipeline.atomic_runner: END TIME: 2026-08-23T09:23:17.000Z
2026-08-23 16:23:19,037 [INFO] pipeline: [205/247] T1098 test 9
2026-08-23 16:23:19,037 [INFO] pipeline.atomic_runner: START TIME: 2026-08-23T09:23:19.000Z
2026-08-23 16:23:27,217 [INFO] pipeline.atomic_runner: END TIME: 2026-08-23T09:23:27.000Z
2026-08-23 16:23:29,217 [INFO] pipeline: [206/247] T1098 test 10
2026-08-23 16:23:29,218 [INFO] pipeline.atomic_runner: START TIME: 2026-08-23T09:23:29.000Z
2026-08-23 16:23:40,185 [INFO] pipeline.atomic_runner: END TIME: 2026-08-23T09:23:40.000Z
2026-08-23 16:23:42,186 [INFO] pipeline: [207/247] T1098 test 11
2026-08-23 16:23:42,186 [INFO] pipeline.atomic_runner: START TIME: 2026-08-23T09:23:42.000Z
2026-08-23 16:23:52,316 [INFO] pipeline.atomic_runner: END TIME: 2026-08-23T09:23:52.000Z
2026-08-23 16:23:54,317 [INFO] pipeline: [208/247] T1098 test 12
2026-08-23 16:23:54,317 [INFO] pipeline.atomic_runner: START TIME: 2026-08-23T09:23:54.000Z
2026-08-23 16:24:04,117 [INFO] pipeline.atomic_runner: END TIME: 2026-08-23T09:24:04.000Z
2026-08-23 16:24:06,118 [INFO] pipeline: [209/247] T1098 test 13
2026-08-23 16:24:06,118 [INFO] pipeline.atomic_runner: START TIME: 2026-08-23T09:24:06.000Z
2026-08-23 16:24:16,671 [INFO] pipeline.atomic_runner: END TIME: 2026-08-23T09:24:16.000Z
2026-08-23 16:24:18,672 [INFO] pipeline: [210/247] T1098 test 14
2026-08-23 16:24:18,672 [INFO] pipeline.atomic_runner: START TIME: 2026-08-23T09:24:18.000Z
2026-08-23 16:24:30,945 [INFO] pipeline.atomic_runner: END TIME: 2026-08-23T09:24:30.000Z
2026-08-23 16:24:32,946 [INFO] pipeline: [211/247] T1098 test 15
2026-08-23 16:24:32,946 [INFO] pipeline.atomic_runner: START TIME: 2026-08-23T09:24:32.000Z
2026-08-23 16:24:46,394 [INFO] pipeline.atomic_runner: END TIME: 2026-08-23T09:24:46.000Z
2026-08-23 16:24:48,395 [INFO] pipeline: [212/247] T1098 test 16
2026-08-23 16:24:48,396 [INFO] pipeline.atomic_runner: START TIME: 2026-08-23T09:24:48.000Z
2026-08-23 16:25:03,165 [INFO] pipeline.atomic_runner: END TIME: 2026-08-23T09:25:03.000Z
2026-08-23 16:25:05,165 [INFO] pipeline: [213/247] T1505.004 test 1
2026-08-23 16:25:05,167 [INFO] pipeline: Skipping T1505.004 1: no detection rules for this technique
2026-08-23 16:25:07,167 [INFO] pipeline: [214/247] T1505.004 test 2
2026-08-23 16:25:07,168 [INFO] pipeline: Skipping T1505.004 2: no detection rules for this technique
2026-08-23 16:25:09,168 [INFO] pipeline: [215/247] T1546 test 1
2026-08-23 16:25:09,169 [INFO] pipeline.atomic_runner: START TIME: 2026-08-23T09:25:09.000Z
2026-08-23 16:25:21,688 [INFO] pipeline.atomic_runner: END TIME: 2026-08-23T09:25:21.000Z
2026-08-23 16:25:23,688 [INFO] pipeline: [216/247] T1546 test 2
2026-08-23 16:25:23,689 [INFO] pipeline.atomic_runner: START TIME: 2026-08-23T09:25:23.000Z
2026-08-23 16:25:36,850 [INFO] pipeline.atomic_runner: END TIME: 2026-08-23T09:25:36.000Z
2026-08-23 16:25:38,851 [INFO] pipeline: [217/247] T1546 test 3
2026-08-23 16:25:38,852 [INFO] pipeline.atomic_runner: START TIME: 2026-08-23T09:25:38.000Z
2026-08-23 16:25:58,395 [INFO] pipeline.atomic_runner: END TIME: 2026-08-23T09:25:58.000Z
2026-08-23 16:26:00,395 [INFO] pipeline: [218/247] T1546 test 4
2026-08-23 16:26:00,396 [INFO] pipeline.atomic_runner: START TIME: 2026-08-23T09:26:00.000Z
2026-08-23 16:26:33,225 [INFO] pipeline.atomic_runner: END TIME: 2026-08-23T09:26:33.000Z
2026-08-23 16:26:35,226 [INFO] pipeline: [219/247] T1546 test 5
2026-08-23 16:26:35,227 [INFO] pipeline.atomic_runner: START TIME: 2026-08-23T09:26:35.000Z
2026-08-23 16:27:06,200 [INFO] pipeline.atomic_runner: END TIME: 2026-08-23T09:27:06.000Z
2026-08-23 16:27:08,201 [INFO] pipeline: [220/247] T1546 test 6
2026-08-23 16:27:08,202 [INFO] pipeline.atomic_runner: START TIME: 2026-08-23T09:27:08.000Z
2026-08-23 16:27:33,212 [INFO] pipeline.atomic_runner: END TIME: 2026-08-23T09:27:33.000Z
2026-08-23 16:27:35,213 [INFO] pipeline: [221/247] T1546 test 7
2026-08-23 16:27:35,213 [INFO] pipeline.atomic_runner: START TIME: 2026-08-23T09:27:35.000Z
2026-08-23 16:27:48,466 [INFO] pipeline.atomic_runner: END TIME: 2026-08-23T09:27:48.000Z
2026-08-23 16:27:50,466 [INFO] pipeline: [222/247] T1546 test 8
2026-08-23 16:27:50,467 [INFO] pipeline.atomic_runner: START TIME: 2026-08-23T09:27:50.000Z
2026-08-23 16:28:09,609 [INFO] pipeline.atomic_runner: END TIME: 2026-08-23T09:28:09.000Z
2026-08-23 16:28:11,609 [INFO] pipeline: [223/247] T1546 test 9
2026-08-23 16:28:11,610 [INFO] pipeline.atomic_runner: START TIME: 2026-08-23T09:28:11.000Z
2026-08-23 16:28:19,865 [INFO] pipeline.atomic_runner: END TIME: 2026-08-23T09:28:19.000Z
2026-08-23 16:28:21,866 [INFO] pipeline: [224/247] T1547.002 test 1
2026-08-23 16:28:21,867 [INFO] pipeline.atomic_runner: START TIME: 2026-08-23T09:28:21.000Z
2026-08-23 16:28:32,206 [INFO] pipeline.atomic_runner: END TIME: 2026-08-23T09:28:32.000Z
2026-08-23 16:28:34,206 [INFO] pipeline: [225/247] T1546.015 test 1
2026-08-23 16:28:34,208 [INFO] pipeline.atomic_runner: START TIME: 2026-08-23T09:28:34.000Z
2026-08-23 16:28:48,979 [INFO] pipeline.atomic_runner: END TIME: 2026-08-23T09:28:48.000Z
2026-08-23 16:28:50,979 [INFO] pipeline: [226/247] T1546.015 test 2
2026-08-23 16:28:50,981 [INFO] pipeline.atomic_runner: START TIME: 2026-08-23T09:28:50.000Z
2026-08-23 16:29:09,130 [INFO] pipeline.atomic_runner: END TIME: 2026-08-23T09:29:09.000Z
2026-08-23 16:29:11,130 [INFO] pipeline: [227/247] T1546.015 test 3
2026-08-23 16:29:11,131 [INFO] pipeline.atomic_runner: START TIME: 2026-08-23T09:29:11.000Z
2026-08-23 16:29:21,938 [INFO] pipeline.atomic_runner: END TIME: 2026-08-23T09:29:21.000Z
2026-08-23 16:29:23,938 [INFO] pipeline: [228/247] T1546.015 test 4
2026-08-23 16:29:23,940 [INFO] pipeline.atomic_runner: START TIME: 2026-08-23T09:29:23.000Z
2026-08-23 16:29:45,201 [INFO] pipeline.atomic_runner: END TIME: 2026-08-23T09:29:45.000Z
2026-08-23 16:29:47,201 [INFO] pipeline: [229/247] T1137.004 test 1
2026-08-23 16:29:47,202 [INFO] pipeline.atomic_runner: START TIME: 2026-08-23T09:29:47.000Z
2026-08-23 16:29:59,834 [INFO] pipeline.atomic_runner: END TIME: 2026-08-23T09:29:59.000Z
2026-08-23 16:30:01,834 [INFO] pipeline: [230/247] T1546.018 test 1
2026-08-23 16:30:01,834 [INFO] pipeline: Skipping T1546.018 1: no detection rules for this technique
2026-08-23 16:30:03,835 [INFO] pipeline: [231/247] T1546.018 test 2
2026-08-23 16:30:03,835 [INFO] pipeline: Skipping T1546.018 2: no detection rules for this technique
2026-08-23 16:30:05,835 [INFO] pipeline: [232/247] T1197 test 1
2026-08-23 16:30:05,836 [INFO] pipeline.atomic_runner: START TIME: 2026-08-23T09:30:05.000Z
2026-08-23 16:30:15,570 [INFO] pipeline.atomic_runner: END TIME: 2026-08-23T09:30:15.000Z
2026-08-23 16:30:17,570 [INFO] pipeline: [233/247] T1197 test 2
2026-08-23 16:30:17,571 [INFO] pipeline.atomic_runner: START TIME: 2026-08-23T09:30:17.000Z
2026-08-23 16:30:32,464 [INFO] pipeline.atomic_runner: END TIME: 2026-08-23T09:30:32.000Z
2026-08-23 16:30:34,464 [INFO] pipeline: [234/247] T1197 test 3
2026-08-23 16:30:34,466 [INFO] pipeline.atomic_runner: START TIME: 2026-08-23T09:30:34.000Z
2026-08-23 16:30:49,442 [INFO] pipeline.atomic_runner: END TIME: 2026-08-23T09:30:49.000Z
2026-08-23 16:30:51,442 [INFO] pipeline: [235/247] T1197 test 4
2026-08-23 16:30:51,443 [INFO] pipeline.atomic_runner: START TIME: 2026-08-23T09:30:51.000Z
2026-08-23 16:30:59,376 [INFO] pipeline.atomic_runner: END TIME: 2026-08-23T09:30:59.000Z
2026-08-23 16:31:01,376 [INFO] pipeline: [236/247] T1546.010 test 1
2026-08-23 16:31:01,378 [INFO] pipeline.atomic_runner: START TIME: 2026-08-23T09:31:01.000Z
2026-08-23 16:31:09,830 [INFO] pipeline.atomic_runner: END TIME: 2026-08-23T09:31:09.000Z
2026-08-23 16:31:11,831 [INFO] pipeline: [237/247] T1546.002 test 1
2026-08-23 16:31:11,831 [INFO] pipeline.atomic_runner: START TIME: 2026-08-23T09:31:11.000Z
2026-08-23 16:31:23,485 [INFO] pipeline.atomic_runner: END TIME: 2026-08-23T09:31:23.000Z
2026-08-23 16:31:25,486 [INFO] pipeline: [238/247] T1556.001 test 1
2026-08-23 16:31:25,487 [INFO] pipeline: Skipping T1556.001 1: no detection rules for this technique
2026-08-23 16:31:27,487 [INFO] pipeline: [239/247] T1037.001 test 1
2026-08-23 16:31:27,487 [INFO] pipeline: Skipping T1037.001 1: no detection rules for this technique
2026-08-23 16:31:29,488 [INFO] pipeline: [240/247] T1137.002 test 1
2026-08-23 16:31:29,489 [INFO] pipeline.atomic_runner: START TIME: 2026-08-23T09:31:29.000Z
2026-08-23 16:31:51,135 [INFO] pipeline.atomic_runner: END TIME: 2026-08-23T09:31:51.000Z
2026-08-23 16:31:53,135 [INFO] pipeline: [241/247] T1547.008 test 1
2026-08-23 16:31:53,135 [INFO] pipeline: Skipping T1547.008 1: no detection rules for this technique
2026-08-23 16:31:55,136 [INFO] pipeline: [242/247] T1053.002 test 1
2026-08-23 16:31:55,137 [INFO] pipeline.atomic_runner: START TIME: 2026-08-23T09:31:55.000Z
2026-08-23 16:32:05,627 [INFO] pipeline.atomic_runner: END TIME: 2026-08-23T09:32:05.000Z
2026-08-23 16:32:07,627 [INFO] pipeline: [243/247] T1546.007 test 1
2026-08-23 16:32:07,630 [INFO] pipeline.atomic_runner: START TIME: 2026-08-23T09:32:07.000Z
2026-08-23 16:32:18,710 [INFO] pipeline.atomic_runner: END TIME: 2026-08-23T09:32:18.000Z
2026-08-23 16:32:20,711 [INFO] pipeline: [244/247] T1078.003 test 1
2026-08-23 16:32:20,712 [INFO] pipeline.atomic_runner: START TIME: 2026-08-23T09:32:20.000Z
2026-08-23 16:32:31,933 [INFO] pipeline.atomic_runner: END TIME: 2026-08-23T09:32:31.000Z
2026-08-23 16:32:33,933 [INFO] pipeline: [245/247] T1078.003 test 6
2026-08-23 16:32:33,934 [INFO] pipeline.atomic_runner: START TIME: 2026-08-23T09:32:33.000Z
2026-08-23 16:32:49,686 [INFO] pipeline.atomic_runner: END TIME: 2026-08-23T09:32:49.000Z
2026-08-23 16:32:51,686 [INFO] pipeline: [246/247] T1078.003 test 7
2026-08-23 16:32:51,686 [INFO] pipeline.atomic_runner: START TIME: 2026-08-23T09:32:51.000Z
2026-08-23 16:33:05,910 [INFO] pipeline.atomic_runner: END TIME: 2026-08-23T09:33:05.000Z
2026-08-23 16:33:07,910 [INFO] pipeline: [247/247] T1078.003 test 13
2026-08-23 16:33:07,911 [INFO] pipeline.atomic_runner: START TIME: 2026-08-23T09:33:07.000Z
2026-08-23 16:33:17,858 [INFO] pipeline.atomic_runner: END TIME: 2026-08-23T09:33:17.000Z
2026-08-23 16:35:27,910 [INFO] pipeline.elastic_client: Triggered 578 rules
2026-08-23 16:35:28,096 [INFO] pipeline.elastic_client: 304 rules not complete
2026-08-23 16:35:38,184 [INFO] pipeline.elastic_client: 269 rules not complete
2026-08-23 16:35:48,240 [INFO] pipeline.elastic_client: 244 rules not complete
2026-08-23 16:35:58,296 [INFO] pipeline.elastic_client: 210 rules not complete
2026-08-23 16:36:08,345 [INFO] pipeline.elastic_client: 173 rules not complete
2026-08-23 16:36:18,401 [INFO] pipeline.elastic_client: 144 rules not complete
2026-08-23 16:36:28,483 [INFO] pipeline.elastic_client: 118 rules not complete
2026-08-23 16:36:38,563 [INFO] pipeline.elastic_client: 83 rules not complete
2026-08-23 16:36:48,613 [INFO] pipeline.elastic_client: 58 rules not complete
2026-08-23 16:36:58,715 [INFO] pipeline.elastic_client: 24 rules not complete
2026-08-23 16:37:08,788 [INFO] pipeline.elastic_client: 0 rules not complete
2026-08-23 16:37:59,356 [WARNING] pipeline.elastic_client: Could not resolve timestamp for ancestor 4b12d3cb-9ea7-52eb-a65c-fd49be92e2b0 in index endgame-*,logs-endpoint.events.process-*,logs-system.security*,logs-windows.forwarded*,logs-windows.sysmon_operational-*,winlogbeat-*, skipping this ancestor's validation
2026-08-23 16:37:59,356 [WARNING] pipeline.elastic_client: Could not resolve timestamp for ancestor 4b12d3cb-9ea7-52eb-a65c-fd49be92e2b0 in index endgame-*,logs-endpoint.events.process-*,logs-system.security*,logs-windows.forwarded*,logs-windows.sysmon_operational-*,winlogbeat-*, skipping this ancestor's validation
2026-08-23 16:37:59,357 [WARNING] pipeline.elastic_client: Could not resolve timestamp for ancestor 4b12d3cb-9ea7-52eb-a65c-fd49be92e2b0 in index endgame-*,logs-endpoint.events.process-*,logs-system.security*,logs-windows.forwarded*,logs-windows.sysmon_operational-*,winlogbeat-*, skipping this ancestor's validation
2026-08-23 16:37:59,357 [WARNING] pipeline.elastic_client: Could not resolve timestamp for ancestor 4b12d3cb-9ea7-52eb-a65c-fd49be92e2b0 in index endgame-*,logs-endpoint.events.process-*,logs-system.security*,logs-windows.forwarded*,logs-windows.sysmon_operational-*,winlogbeat-*, skipping this ancestor's validation
2026-08-23 16:37:59,357 [WARNING] pipeline.elastic_client: Could not resolve timestamp for ancestor 4b12d3cb-9ea7-52eb-a65c-fd49be92e2b0 in index endgame-*,logs-endpoint.events.process-*,logs-system.security*,logs-windows.forwarded*,logs-windows.sysmon_operational-*,winlogbeat-*, skipping this ancestor's validation
2026-08-23 16:37:59,357 [WARNING] pipeline.elastic_client: Could not resolve timestamp for ancestor 4b12d3cb-9ea7-52eb-a65c-fd49be92e2b0 in index endgame-*,logs-endpoint.events.process-*,logs-system.security*,logs-windows.forwarded*,logs-windows.sysmon_operational-*,winlogbeat-*, skipping this ancestor's validation
2026-08-23 16:37:59,357 [WARNING] pipeline.elastic_client: Could not resolve timestamp for ancestor 4b12d3cb-9ea7-52eb-a65c-fd49be92e2b0 in index endgame-*,logs-endpoint.events.process-*,logs-system.security*,logs-windows.forwarded*,logs-windows.sysmon_operational-*,winlogbeat-*, skipping this ancestor's validation
2026-08-23 16:37:59,357 [WARNING] pipeline.elastic_client: Could not resolve timestamp for ancestor 4b12d3cb-9ea7-52eb-a65c-fd49be92e2b0 in index endgame-*,logs-endpoint.events.process-*,logs-system.security*,logs-windows.forwarded*,logs-windows.sysmon_operational-*,winlogbeat-*, skipping this ancestor's validation
2026-08-23 16:37:59,357 [WARNING] pipeline.elastic_client: Could not resolve timestamp for ancestor 4b12d3cb-9ea7-52eb-a65c-fd49be92e2b0 in index endgame-*,logs-endpoint.events.process-*,logs-system.security*,logs-windows.forwarded*,logs-windows.sysmon_operational-*,winlogbeat-*, skipping this ancestor's validation
2026-08-23 16:37:59,357 [WARNING] pipeline.elastic_client: Could not resolve timestamp for ancestor 4b12d3cb-9ea7-52eb-a65c-fd49be92e2b0 in index endgame-*,logs-endpoint.events.process-*,logs-system.security*,logs-windows.forwarded*,logs-windows.sysmon_operational-*,winlogbeat-*, skipping this ancestor's validation
2026-08-23 16:37:59,357 [WARNING] pipeline.elastic_client: Could not resolve timestamp for ancestor 4b12d3cb-9ea7-52eb-a65c-fd49be92e2b0 in index endgame-*,logs-endpoint.events.process-*,logs-system.security*,logs-windows.forwarded*,logs-windows.sysmon_operational-*,winlogbeat-*, skipping this ancestor's validation
2026-08-23 16:37:59,358 [WARNING] pipeline.elastic_client: Could not resolve timestamp for ancestor 4b12d3cb-9ea7-52eb-a65c-fd49be92e2b0 in index endgame-*,logs-endpoint.events.process-*,logs-system.security*,logs-windows.forwarded*,logs-windows.sysmon_operational-*,winlogbeat-*, skipping this ancestor's validation
2026-08-23 16:37:59,358 [WARNING] pipeline.elastic_client: Could not resolve timestamp for ancestor 4b12d3cb-9ea7-52eb-a65c-fd49be92e2b0 in index endgame-*,logs-endpoint.events.process-*,logs-system.security*,logs-windows.forwarded*,logs-windows.sysmon_operational-*,winlogbeat-*, skipping this ancestor's validation
2026-08-23 16:37:59,358 [WARNING] pipeline.elastic_client: Could not resolve timestamp for ancestor 4b12d3cb-9ea7-52eb-a65c-fd49be92e2b0 in index endgame-*,logs-endpoint.events.process-*,logs-system.security*,logs-windows.forwarded*,logs-windows.sysmon_operational-*,winlogbeat-*, skipping this ancestor's validation
2026-08-23 16:37:59,358 [WARNING] pipeline.elastic_client: Could not resolve timestamp for ancestor 4b12d3cb-9ea7-52eb-a65c-fd49be92e2b0 in index endgame-*,logs-endpoint.events.process-*,logs-system.security*,logs-windows.forwarded*,logs-windows.sysmon_operational-*,winlogbeat-*, skipping this ancestor's validation
2026-08-23 16:37:59,358 [WARNING] pipeline.elastic_client: Could not resolve timestamp for ancestor 4b12d3cb-9ea7-52eb-a65c-fd49be92e2b0 in index endgame-*,logs-endpoint.events.process-*,logs-system.security*,logs-windows.forwarded*,logs-windows.sysmon_operational-*,winlogbeat-*, skipping this ancestor's validation
2026-08-23 16:37:59,358 [WARNING] pipeline.elastic_client: Could not resolve timestamp for ancestor 4b12d3cb-9ea7-52eb-a65c-fd49be92e2b0 in index endgame-*,logs-endpoint.events.process-*,logs-system.security*,logs-windows.forwarded*,logs-windows.sysmon_operational-*,winlogbeat-*, skipping this ancestor's validation
2026-08-23 16:37:59,358 [WARNING] pipeline.elastic_client: Could not resolve timestamp for ancestor 4b12d3cb-9ea7-52eb-a65c-fd49be92e2b0 in index endgame-*,logs-endpoint.events.process-*,logs-system.security*,logs-windows.forwarded*,logs-windows.sysmon_operational-*,winlogbeat-*, skipping this ancestor's validation
2026-08-23 16:37:59,358 [WARNING] pipeline.elastic_client: Could not resolve timestamp for ancestor 4b12d3cb-9ea7-52eb-a65c-fd49be92e2b0 in index endgame-*,logs-endpoint.events.process-*,logs-system.security*,logs-windows.forwarded*,logs-windows.sysmon_operational-*,winlogbeat-*, skipping this ancestor's validation
2026-08-23 16:37:59,358 [WARNING] pipeline.elastic_client: Could not resolve timestamp for ancestor 4b12d3cb-9ea7-52eb-a65c-fd49be92e2b0 in index endgame-*,logs-endpoint.events.process-*,logs-system.security*,logs-windows.forwarded*,logs-windows.sysmon_operational-*,winlogbeat-*, skipping this ancestor's validation
2026-08-23 16:37:59,358 [WARNING] pipeline.elastic_client: Could not resolve timestamp for ancestor 4b12d3cb-9ea7-52eb-a65c-fd49be92e2b0 in index endgame-*,logs-endpoint.events.process-*,logs-system.security*,logs-windows.forwarded*,logs-windows.sysmon_operational-*,winlogbeat-*, skipping this ancestor's validation
2026-08-23 16:37:59,358 [WARNING] pipeline.elastic_client: Could not resolve timestamp for ancestor 4b12d3cb-9ea7-52eb-a65c-fd49be92e2b0 in index endgame-*,logs-endpoint.events.process-*,logs-system.security*,logs-windows.forwarded*,logs-windows.sysmon_operational-*,winlogbeat-*, skipping this ancestor's validation
2026-08-23 16:37:59,359 [WARNING] pipeline.elastic_client: Could not resolve timestamp for ancestor 4b12d3cb-9ea7-52eb-a65c-fd49be92e2b0 in index endgame-*,logs-endpoint.events.process-*,logs-system.security*,logs-windows.forwarded*,logs-windows.sysmon_operational-*,winlogbeat-*, skipping this ancestor's validation
2026-08-23 16:37:59,359 [WARNING] pipeline.elastic_client: Could not resolve timestamp for ancestor 4b12d3cb-9ea7-52eb-a65c-fd49be92e2b0 in index endgame-*,logs-endpoint.events.process-*,logs-system.security*,logs-windows.forwarded*,logs-windows.sysmon_operational-*,winlogbeat-*, skipping this ancestor's validation
2026-08-23 16:37:59,359 [WARNING] pipeline.elastic_client: Could not resolve timestamp for ancestor 4b12d3cb-9ea7-52eb-a65c-fd49be92e2b0 in index endgame-*,logs-endpoint.events.process-*,logs-system.security*,logs-windows.forwarded*,logs-windows.sysmon_operational-*,winlogbeat-*, skipping this ancestor's validation
2026-08-23 16:37:59,359 [WARNING] pipeline.elastic_client: Could not resolve timestamp for ancestor 4b12d3cb-9ea7-52eb-a65c-fd49be92e2b0 in index endgame-*,logs-endpoint.events.process-*,logs-system.security*,logs-windows.forwarded*,logs-windows.sysmon_operational-*,winlogbeat-*, skipping this ancestor's validation
2026-08-23 16:37:59,359 [WARNING] pipeline.elastic_client: Could not resolve timestamp for ancestor 4b12d3cb-9ea7-52eb-a65c-fd49be92e2b0 in index endgame-*,logs-endpoint.events.process-*,logs-system.security*,logs-windows.forwarded*,logs-windows.sysmon_operational-*,winlogbeat-*, skipping this ancestor's validation
2026-08-23 16:37:59,359 [WARNING] pipeline.elastic_client: Could not resolve timestamp for ancestor 4b12d3cb-9ea7-52eb-a65c-fd49be92e2b0 in index endgame-*,logs-endpoint.events.process-*,logs-system.security*,logs-windows.forwarded*,logs-windows.sysmon_operational-*,winlogbeat-*, skipping this ancestor's validation
2026-08-23 16:37:59,359 [WARNING] pipeline.elastic_client: Could not resolve timestamp for ancestor 4b12d3cb-9ea7-52eb-a65c-fd49be92e2b0 in index endgame-*,logs-endpoint.events.process-*,logs-system.security*,logs-windows.forwarded*,logs-windows.sysmon_operational-*,winlogbeat-*, skipping this ancestor's validation
2026-08-23 16:37:59,359 [WARNING] pipeline.elastic_client: Could not resolve timestamp for ancestor 4b12d3cb-9ea7-52eb-a65c-fd49be92e2b0 in index endgame-*,logs-endpoint.events.process-*,logs-system.security*,logs-windows.forwarded*,logs-windows.sysmon_operational-*,winlogbeat-*, skipping this ancestor's validation
2026-08-23 16:37:59,359 [WARNING] pipeline.elastic_client: Could not resolve timestamp for ancestor 4b12d3cb-9ea7-52eb-a65c-fd49be92e2b0 in index endgame-*,logs-endpoint.events.process-*,logs-system.security*,logs-windows.forwarded*,logs-windows.sysmon_operational-*,winlogbeat-*, skipping this ancestor's validation
2026-08-23 16:37:59,359 [WARNING] pipeline.elastic_client: Could not resolve timestamp for ancestor 4b12d3cb-9ea7-52eb-a65c-fd49be92e2b0 in index endgame-*,logs-endpoint.events.process-*,logs-system.security*,logs-windows.forwarded*,logs-windows.sysmon_operational-*,winlogbeat-*, skipping this ancestor's validation
2026-08-23 16:37:59,359 [WARNING] pipeline.elastic_client: Could not resolve timestamp for ancestor 4b12d3cb-9ea7-52eb-a65c-fd49be92e2b0 in index endgame-*,logs-endpoint.events.process-*,logs-system.security*,logs-windows.forwarded*,logs-windows.sysmon_operational-*,winlogbeat-*, skipping this ancestor's validation
2026-08-23 16:37:59,359 [WARNING] pipeline.elastic_client: Could not resolve timestamp for ancestor 4b12d3cb-9ea7-52eb-a65c-fd49be92e2b0 in index endgame-*,logs-endpoint.events.process-*,logs-system.security*,logs-windows.forwarded*,logs-windows.sysmon_operational-*,winlogbeat-*, skipping this ancestor's validation
2026-08-23 16:37:59,360 [WARNING] pipeline.elastic_client: Could not resolve timestamp for ancestor 4b12d3cb-9ea7-52eb-a65c-fd49be92e2b0 in index endgame-*,logs-endpoint.events.process-*,logs-system.security*,logs-windows.forwarded*,logs-windows.sysmon_operational-*,winlogbeat-*, skipping this ancestor's validation
2026-08-23 16:37:59,360 [WARNING] pipeline.elastic_client: Could not resolve timestamp for ancestor 4b12d3cb-9ea7-52eb-a65c-fd49be92e2b0 in index endgame-*,logs-endpoint.events.process-*,logs-system.security*,logs-windows.forwarded*,logs-windows.sysmon_operational-*,winlogbeat-*, skipping this ancestor's validation
2026-08-23 16:37:59,360 [WARNING] pipeline.elastic_client: Could not resolve timestamp for ancestor 4b12d3cb-9ea7-52eb-a65c-fd49be92e2b0 in index endgame-*,logs-endpoint.events.process-*,logs-system.security*,logs-windows.forwarded*,logs-windows.sysmon_operational-*,winlogbeat-*, skipping this ancestor's validation
2026-08-23 16:37:59,360 [WARNING] pipeline.elastic_client: Could not resolve timestamp for ancestor 4b12d3cb-9ea7-52eb-a65c-fd49be92e2b0 in index endgame-*,logs-endpoint.events.process-*,logs-system.security*,logs-windows.forwarded*,logs-windows.sysmon_operational-*,winlogbeat-*, skipping this ancestor's validation
2026-08-23 16:37:59,360 [WARNING] pipeline.elastic_client: Could not resolve timestamp for ancestor 4b12d3cb-9ea7-52eb-a65c-fd49be92e2b0 in index endgame-*,logs-endpoint.events.process-*,logs-system.security*,logs-windows.forwarded*,logs-windows.sysmon_operational-*,winlogbeat-*, skipping this ancestor's validation
2026-08-23 16:37:59,360 [WARNING] pipeline.elastic_client: Could not resolve timestamp for ancestor 4b12d3cb-9ea7-52eb-a65c-fd49be92e2b0 in index endgame-*,logs-endpoint.events.process-*,logs-system.security*,logs-windows.forwarded*,logs-windows.sysmon_operational-*,winlogbeat-*, skipping this ancestor's validation
2026-08-23 16:37:59,360 [WARNING] pipeline.elastic_client: Could not resolve timestamp for ancestor 4b12d3cb-9ea7-52eb-a65c-fd49be92e2b0 in index endgame-*,logs-endpoint.events.process-*,logs-system.security*,logs-windows.forwarded*,logs-windows.sysmon_operational-*,winlogbeat-*, skipping this ancestor's validation
2026-08-23 16:37:59,360 [WARNING] pipeline.elastic_client: Could not resolve timestamp for ancestor 4b12d3cb-9ea7-52eb-a65c-fd49be92e2b0 in index endgame-*,logs-endpoint.events.process-*,logs-system.security*,logs-windows.forwarded*,logs-windows.sysmon_operational-*,winlogbeat-*, skipping this ancestor's validation
2026-08-23 16:37:59,360 [WARNING] pipeline.elastic_client: Could not resolve timestamp for ancestor 4b12d3cb-9ea7-52eb-a65c-fd49be92e2b0 in index endgame-*,logs-endpoint.events.process-*,logs-system.security*,logs-windows.forwarded*,logs-windows.sysmon_operational-*,winlogbeat-*, skipping this ancestor's validation
2026-08-23 16:37:59,360 [WARNING] pipeline.elastic_client: Could not resolve timestamp for ancestor 4b12d3cb-9ea7-52eb-a65c-fd49be92e2b0 in index endgame-*,logs-endpoint.events.process-*,logs-system.security*,logs-windows.forwarded*,logs-windows.sysmon_operational-*,winlogbeat-*, skipping this ancestor's validation
2026-08-23 16:37:59,360 [WARNING] pipeline.elastic_client: Could not resolve timestamp for ancestor 4b12d3cb-9ea7-52eb-a65c-fd49be92e2b0 in index endgame-*,logs-endpoint.events.process-*,logs-system.security*,logs-windows.forwarded*,logs-windows.sysmon_operational-*,winlogbeat-*, skipping this ancestor's validation
2026-08-23 16:37:59,360 [WARNING] pipeline.elastic_client: Could not resolve timestamp for ancestor 4b12d3cb-9ea7-52eb-a65c-fd49be92e2b0 in index endgame-*,logs-endpoint.events.process-*,logs-system.security*,logs-windows.forwarded*,logs-windows.sysmon_operational-*,winlogbeat-*, skipping this ancestor's validation
2026-08-23 16:37:59,361 [WARNING] pipeline.elastic_client: Could not resolve timestamp for ancestor 4b12d3cb-9ea7-52eb-a65c-fd49be92e2b0 in index endgame-*,logs-endpoint.events.process-*,logs-system.security*,logs-windows.forwarded*,logs-windows.sysmon_operational-*,winlogbeat-*, skipping this ancestor's validation
2026-08-23 16:37:59,361 [WARNING] pipeline.elastic_client: Could not resolve timestamp for ancestor 4b12d3cb-9ea7-52eb-a65c-fd49be92e2b0 in index endgame-*,logs-endpoint.events.process-*,logs-system.security*,logs-windows.forwarded*,logs-windows.sysmon_operational-*,winlogbeat-*, skipping this ancestor's validation
2026-08-23 16:37:59,361 [WARNING] pipeline.elastic_client: Could not resolve timestamp for ancestor 4b12d3cb-9ea7-52eb-a65c-fd49be92e2b0 in index endgame-*,logs-endpoint.events.process-*,logs-system.security*,logs-windows.forwarded*,logs-windows.sysmon_operational-*,winlogbeat-*, skipping this ancestor's validation
2026-08-23 16:37:59,361 [WARNING] pipeline.elastic_client: Could not resolve timestamp for ancestor 4b12d3cb-9ea7-52eb-a65c-fd49be92e2b0 in index endgame-*,logs-endpoint.events.process-*,logs-system.security*,logs-windows.forwarded*,logs-windows.sysmon_operational-*,winlogbeat-*, skipping this ancestor's validation
2026-08-23 16:37:59,361 [WARNING] pipeline.elastic_client: Could not resolve timestamp for ancestor 4b12d3cb-9ea7-52eb-a65c-fd49be92e2b0 in index endgame-*,logs-endpoint.events.process-*,logs-system.security*,logs-windows.forwarded*,logs-windows.sysmon_operational-*,winlogbeat-*, skipping this ancestor's validation
2026-08-23 16:37:59,361 [WARNING] pipeline.elastic_client: Could not resolve timestamp for ancestor 4b12d3cb-9ea7-52eb-a65c-fd49be92e2b0 in index endgame-*,logs-endpoint.events.process-*,logs-system.security*,logs-windows.forwarded*,logs-windows.sysmon_operational-*,winlogbeat-*, skipping this ancestor's validation
2026-08-23 16:37:59,361 [WARNING] pipeline.elastic_client: Could not resolve timestamp for ancestor 4b12d3cb-9ea7-52eb-a65c-fd49be92e2b0 in index endgame-*,logs-endpoint.events.process-*,logs-system.security*,logs-windows.forwarded*,logs-windows.sysmon_operational-*,winlogbeat-*, skipping this ancestor's validation
2026-08-23 16:37:59,361 [WARNING] pipeline.elastic_client: Could not resolve timestamp for ancestor 4b12d3cb-9ea7-52eb-a65c-fd49be92e2b0 in index endgame-*,logs-endpoint.events.process-*,logs-system.security*,logs-windows.forwarded*,logs-windows.sysmon_operational-*,winlogbeat-*, skipping this ancestor's validation
2026-08-23 16:37:59,361 [WARNING] pipeline.elastic_client: Could not resolve timestamp for ancestor 4b12d3cb-9ea7-52eb-a65c-fd49be92e2b0 in index endgame-*,logs-endpoint.events.process-*,logs-system.security*,logs-windows.forwarded*,logs-windows.sysmon_operational-*,winlogbeat-*, skipping this ancestor's validation
2026-08-23 16:37:59,361 [WARNING] pipeline.elastic_client: Could not resolve timestamp for ancestor 4b12d3cb-9ea7-52eb-a65c-fd49be92e2b0 in index endgame-*,logs-endpoint.events.process-*,logs-system.security*,logs-windows.forwarded*,logs-windows.sysmon_operational-*,winlogbeat-*, skipping this ancestor's validation
2026-08-23 16:37:59,361 [WARNING] pipeline.elastic_client: Could not resolve timestamp for ancestor 4b12d3cb-9ea7-52eb-a65c-fd49be92e2b0 in index endgame-*,logs-endpoint.events.process-*,logs-system.security*,logs-windows.forwarded*,logs-windows.sysmon_operational-*,winlogbeat-*, skipping this ancestor's validation
2026-08-23 16:37:59,361 [WARNING] pipeline.elastic_client: Could not resolve timestamp for ancestor 4b12d3cb-9ea7-52eb-a65c-fd49be92e2b0 in index endgame-*,logs-endpoint.events.process-*,logs-system.security*,logs-windows.forwarded*,logs-windows.sysmon_operational-*,winlogbeat-*, skipping this ancestor's validation
2026-08-23 16:37:59,362 [WARNING] pipeline.elastic_client: Could not resolve timestamp for ancestor 4b12d3cb-9ea7-52eb-a65c-fd49be92e2b0 in index endgame-*,logs-endpoint.events.process-*,logs-system.security*,logs-windows.forwarded*,logs-windows.sysmon_operational-*,winlogbeat-*, skipping this ancestor's validation
2026-08-23 16:37:59,362 [WARNING] pipeline.elastic_client: Could not resolve timestamp for ancestor 4b12d3cb-9ea7-52eb-a65c-fd49be92e2b0 in index endgame-*,logs-endpoint.events.process-*,logs-system.security*,logs-windows.forwarded*,logs-windows.sysmon_operational-*,winlogbeat-*, skipping this ancestor's validation
2026-08-23 16:37:59,362 [WARNING] pipeline.elastic_client: Could not resolve timestamp for ancestor 4b12d3cb-9ea7-52eb-a65c-fd49be92e2b0 in index endgame-*,logs-endpoint.events.process-*,logs-system.security*,logs-windows.forwarded*,logs-windows.sysmon_operational-*,winlogbeat-*, skipping this ancestor's validation
2026-08-23 16:37:59,362 [WARNING] pipeline.elastic_client: Could not resolve timestamp for ancestor 4b12d3cb-9ea7-52eb-a65c-fd49be92e2b0 in index endgame-*,logs-endpoint.events.process-*,logs-system.security*,logs-windows.forwarded*,logs-windows.sysmon_operational-*,winlogbeat-*, skipping this ancestor's validation
2026-08-23 16:37:59,362 [WARNING] pipeline.elastic_client: Could not resolve timestamp for ancestor 4b12d3cb-9ea7-52eb-a65c-fd49be92e2b0 in index endgame-*,logs-endpoint.events.process-*,logs-system.security*,logs-windows.forwarded*,logs-windows.sysmon_operational-*,winlogbeat-*, skipping this ancestor's validation
2026-08-23 16:37:59,362 [WARNING] pipeline.elastic_client: Could not resolve timestamp for ancestor 4b12d3cb-9ea7-52eb-a65c-fd49be92e2b0 in index endgame-*,logs-endpoint.events.process-*,logs-system.security*,logs-windows.forwarded*,logs-windows.sysmon_operational-*,winlogbeat-*, skipping this ancestor's validation
2026-08-23 16:37:59,362 [WARNING] pipeline.elastic_client: Could not resolve timestamp for ancestor 4b12d3cb-9ea7-52eb-a65c-fd49be92e2b0 in index endgame-*,logs-endpoint.events.process-*,logs-system.security*,logs-windows.forwarded*,logs-windows.sysmon_operational-*,winlogbeat-*, skipping this ancestor's validation
2026-08-23 16:37:59,362 [WARNING] pipeline.elastic_client: Could not resolve timestamp for ancestor 4b12d3cb-9ea7-52eb-a65c-fd49be92e2b0 in index endgame-*,logs-endpoint.events.process-*,logs-system.security*,logs-windows.forwarded*,logs-windows.sysmon_operational-*,winlogbeat-*, skipping this ancestor's validation
2026-08-23 16:37:59,362 [WARNING] pipeline.elastic_client: Could not resolve timestamp for ancestor 4b12d3cb-9ea7-52eb-a65c-fd49be92e2b0 in index endgame-*,logs-endpoint.events.process-*,logs-system.security*,logs-windows.forwarded*,logs-windows.sysmon_operational-*,winlogbeat-*, skipping this ancestor's validation
2026-08-23 16:37:59,362 [WARNING] pipeline.elastic_client: Could not resolve timestamp for ancestor 4b12d3cb-9ea7-52eb-a65c-fd49be92e2b0 in index endgame-*,logs-endpoint.events.process-*,logs-system.security*,logs-windows.forwarded*,logs-windows.sysmon_operational-*,winlogbeat-*, skipping this ancestor's validation
2026-08-23 16:37:59,362 [WARNING] pipeline.elastic_client: Could not resolve timestamp for ancestor 4b12d3cb-9ea7-52eb-a65c-fd49be92e2b0 in index endgame-*,logs-endpoint.events.process-*,logs-system.security*,logs-windows.forwarded*,logs-windows.sysmon_operational-*,winlogbeat-*, skipping this ancestor's validation
2026-08-23 16:37:59,362 [WARNING] pipeline.elastic_client: Could not resolve timestamp for ancestor 4b12d3cb-9ea7-52eb-a65c-fd49be92e2b0 in index endgame-*,logs-endpoint.events.process-*,logs-system.security*,logs-windows.forwarded*,logs-windows.sysmon_operational-*,winlogbeat-*, skipping this ancestor's validation
2026-08-23 16:37:59,363 [WARNING] pipeline.elastic_client: Could not resolve timestamp for ancestor 4b12d3cb-9ea7-52eb-a65c-fd49be92e2b0 in index endgame-*,logs-endpoint.events.process-*,logs-system.security*,logs-windows.forwarded*,logs-windows.sysmon_operational-*,winlogbeat-*, skipping this ancestor's validation
2026-08-23 16:37:59,363 [WARNING] pipeline.elastic_client: Could not resolve timestamp for ancestor 4b12d3cb-9ea7-52eb-a65c-fd49be92e2b0 in index endgame-*,logs-endpoint.events.process-*,logs-system.security*,logs-windows.forwarded*,logs-windows.sysmon_operational-*,winlogbeat-*, skipping this ancestor's validation
2026-08-23 16:37:59,363 [WARNING] pipeline.elastic_client: Could not resolve timestamp for ancestor 4b12d3cb-9ea7-52eb-a65c-fd49be92e2b0 in index endgame-*,logs-endpoint.events.process-*,logs-system.security*,logs-windows.forwarded*,logs-windows.sysmon_operational-*,winlogbeat-*, skipping this ancestor's validation
2026-08-23 16:37:59,363 [WARNING] pipeline.elastic_client: Could not resolve timestamp for ancestor 4b12d3cb-9ea7-52eb-a65c-fd49be92e2b0 in index endgame-*,logs-endpoint.events.process-*,logs-system.security*,logs-windows.forwarded*,logs-windows.sysmon_operational-*,winlogbeat-*, skipping this ancestor's validation
2026-08-23 16:37:59,363 [WARNING] pipeline.elastic_client: Could not resolve timestamp for ancestor 4b12d3cb-9ea7-52eb-a65c-fd49be92e2b0 in index endgame-*,logs-endpoint.events.process-*,logs-system.security*,logs-windows.forwarded*,logs-windows.sysmon_operational-*,winlogbeat-*, skipping this ancestor's validation
2026-08-23 16:37:59,363 [WARNING] pipeline.elastic_client: Could not resolve timestamp for ancestor 4b12d3cb-9ea7-52eb-a65c-fd49be92e2b0 in index endgame-*,logs-endpoint.events.process-*,logs-system.security*,logs-windows.forwarded*,logs-windows.sysmon_operational-*,winlogbeat-*, skipping this ancestor's validation
2026-08-23 16:37:59,363 [WARNING] pipeline.elastic_client: Could not resolve timestamp for ancestor 4b12d3cb-9ea7-52eb-a65c-fd49be92e2b0 in index endgame-*,logs-endpoint.events.process-*,logs-system.security*,logs-windows.forwarded*,logs-windows.sysmon_operational-*,winlogbeat-*, skipping this ancestor's validation
2026-08-23 16:37:59,363 [WARNING] pipeline.elastic_client: Could not resolve timestamp for ancestor 4b12d3cb-9ea7-52eb-a65c-fd49be92e2b0 in index endgame-*,logs-endpoint.events.process-*,logs-system.security*,logs-windows.forwarded*,logs-windows.sysmon_operational-*,winlogbeat-*, skipping this ancestor's validation
2026-08-23 16:37:59,363 [WARNING] pipeline.elastic_client: Could not resolve timestamp for ancestor 4b12d3cb-9ea7-52eb-a65c-fd49be92e2b0 in index endgame-*,logs-endpoint.events.process-*,logs-system.security*,logs-windows.forwarded*,logs-windows.sysmon_operational-*,winlogbeat-*, skipping this ancestor's validation
2026-08-23 16:37:59,363 [WARNING] pipeline.elastic_client: Could not resolve timestamp for ancestor 4b12d3cb-9ea7-52eb-a65c-fd49be92e2b0 in index endgame-*,logs-endpoint.events.process-*,logs-system.security*,logs-windows.forwarded*,logs-windows.sysmon_operational-*,winlogbeat-*, skipping this ancestor's validation
2026-08-23 16:37:59,363 [WARNING] pipeline.elastic_client: Could not resolve timestamp for ancestor 4b12d3cb-9ea7-52eb-a65c-fd49be92e2b0 in index endgame-*,logs-endpoint.events.process-*,logs-system.security*,logs-windows.forwarded*,logs-windows.sysmon_operational-*,winlogbeat-*, skipping this ancestor's validation
2026-08-23 16:37:59,363 [WARNING] pipeline.elastic_client: Could not resolve timestamp for ancestor 4b12d3cb-9ea7-52eb-a65c-fd49be92e2b0 in index endgame-*,logs-endpoint.events.process-*,logs-system.security*,logs-windows.forwarded*,logs-windows.sysmon_operational-*,winlogbeat-*, skipping this ancestor's validation
2026-08-23 16:37:59,363 [WARNING] pipeline.elastic_client: Could not resolve timestamp for ancestor 4b12d3cb-9ea7-52eb-a65c-fd49be92e2b0 in index endgame-*,logs-endpoint.events.process-*,logs-system.security*,logs-windows.forwarded*,logs-windows.sysmon_operational-*,winlogbeat-*, skipping this ancestor's validation
2026-08-23 16:37:59,364 [WARNING] pipeline.elastic_client: Could not resolve timestamp for ancestor 4b12d3cb-9ea7-52eb-a65c-fd49be92e2b0 in index endgame-*,logs-endpoint.events.process-*,logs-system.security*,logs-windows.forwarded*,logs-windows.sysmon_operational-*,winlogbeat-*, skipping this ancestor's validation
2026-08-23 16:37:59,364 [WARNING] pipeline.elastic_client: Could not resolve timestamp for ancestor 4b12d3cb-9ea7-52eb-a65c-fd49be92e2b0 in index endgame-*,logs-endpoint.events.process-*,logs-system.security*,logs-windows.forwarded*,logs-windows.sysmon_operational-*,winlogbeat-*, skipping this ancestor's validation
2026-08-23 16:37:59,364 [WARNING] pipeline.elastic_client: Could not resolve timestamp for ancestor 4b12d3cb-9ea7-52eb-a65c-fd49be92e2b0 in index endgame-*,logs-endpoint.events.process-*,logs-system.security*,logs-windows.forwarded*,logs-windows.sysmon_operational-*,winlogbeat-*, skipping this ancestor's validation
2026-08-23 16:37:59,364 [WARNING] pipeline.elastic_client: Could not resolve timestamp for ancestor 4b12d3cb-9ea7-52eb-a65c-fd49be92e2b0 in index endgame-*,logs-endpoint.events.process-*,logs-system.security*,logs-windows.forwarded*,logs-windows.sysmon_operational-*,winlogbeat-*, skipping this ancestor's validation
2026-08-23 16:37:59,364 [WARNING] pipeline.elastic_client: Could not resolve timestamp for ancestor 4b12d3cb-9ea7-52eb-a65c-fd49be92e2b0 in index endgame-*,logs-endpoint.events.process-*,logs-system.security*,logs-windows.forwarded*,logs-windows.sysmon_operational-*,winlogbeat-*, skipping this ancestor's validation
2026-08-23 16:37:59,364 [WARNING] pipeline.elastic_client: Could not resolve timestamp for ancestor 4b12d3cb-9ea7-52eb-a65c-fd49be92e2b0 in index endgame-*,logs-endpoint.events.process-*,logs-system.security*,logs-windows.forwarded*,logs-windows.sysmon_operational-*,winlogbeat-*, skipping this ancestor's validation
2026-08-23 16:37:59,364 [WARNING] pipeline.elastic_client: Could not resolve timestamp for ancestor 4b12d3cb-9ea7-52eb-a65c-fd49be92e2b0 in index endgame-*,logs-endpoint.events.process-*,logs-system.security*,logs-windows.forwarded*,logs-windows.sysmon_operational-*,winlogbeat-*, skipping this ancestor's validation
2026-08-23 16:37:59,364 [WARNING] pipeline.elastic_client: Could not resolve timestamp for ancestor 4b12d3cb-9ea7-52eb-a65c-fd49be92e2b0 in index endgame-*,logs-endpoint.events.process-*,logs-system.security*,logs-windows.forwarded*,logs-windows.sysmon_operational-*,winlogbeat-*, skipping this ancestor's validation
2026-08-23 16:37:59,364 [WARNING] pipeline.elastic_client: Could not resolve timestamp for ancestor 4b12d3cb-9ea7-52eb-a65c-fd49be92e2b0 in index endgame-*,logs-endpoint.events.process-*,logs-system.security*,logs-windows.forwarded*,logs-windows.sysmon_operational-*,winlogbeat-*, skipping this ancestor's validation
2026-08-23 16:37:59,364 [WARNING] pipeline.elastic_client: Could not resolve timestamp for ancestor 4b12d3cb-9ea7-52eb-a65c-fd49be92e2b0 in index endgame-*,logs-endpoint.events.process-*,logs-system.security*,logs-windows.forwarded*,logs-windows.sysmon_operational-*,winlogbeat-*, skipping this ancestor's validation
2026-08-23 16:37:59,364 [WARNING] pipeline.elastic_client: Could not resolve timestamp for ancestor 4b12d3cb-9ea7-52eb-a65c-fd49be92e2b0 in index endgame-*,logs-endpoint.events.process-*,logs-system.security*,logs-windows.forwarded*,logs-windows.sysmon_operational-*,winlogbeat-*, skipping this ancestor's validation
2026-08-23 16:37:59,364 [WARNING] pipeline.elastic_client: Could not resolve timestamp for ancestor 4b12d3cb-9ea7-52eb-a65c-fd49be92e2b0 in index endgame-*,logs-endpoint.events.process-*,logs-system.security*,logs-windows.forwarded*,logs-windows.sysmon_operational-*,winlogbeat-*, skipping this ancestor's validation
2026-08-23 16:37:59,364 [WARNING] pipeline.elastic_client: Could not resolve timestamp for ancestor 4b12d3cb-9ea7-52eb-a65c-fd49be92e2b0 in index endgame-*,logs-endpoint.events.process-*,logs-system.security*,logs-windows.forwarded*,logs-windows.sysmon_operational-*,winlogbeat-*, skipping this ancestor's validation
2026-08-23 16:37:59,365 [WARNING] pipeline.elastic_client: Could not resolve timestamp for ancestor 4b12d3cb-9ea7-52eb-a65c-fd49be92e2b0 in index endgame-*,logs-endpoint.events.process-*,logs-system.security*,logs-windows.forwarded*,logs-windows.sysmon_operational-*,winlogbeat-*, skipping this ancestor's validation
2026-08-23 16:37:59,365 [WARNING] pipeline.elastic_client: Could not resolve timestamp for ancestor 4b12d3cb-9ea7-52eb-a65c-fd49be92e2b0 in index endgame-*,logs-endpoint.events.process-*,logs-system.security*,logs-windows.forwarded*,logs-windows.sysmon_operational-*,winlogbeat-*, skipping this ancestor's validation
2026-08-23 16:37:59,365 [WARNING] pipeline.elastic_client: Could not resolve timestamp for ancestor 4b12d3cb-9ea7-52eb-a65c-fd49be92e2b0 in index endgame-*,logs-endpoint.events.process-*,logs-system.security*,logs-windows.forwarded*,logs-windows.sysmon_operational-*,winlogbeat-*, skipping this ancestor's validation
2026-08-23 16:37:59,365 [WARNING] pipeline.elastic_client: Could not resolve timestamp for ancestor 4b12d3cb-9ea7-52eb-a65c-fd49be92e2b0 in index endgame-*,logs-endpoint.events.process-*,logs-system.security*,logs-windows.forwarded*,logs-windows.sysmon_operational-*,winlogbeat-*, skipping this ancestor's validation
2026-08-23 16:37:59,365 [WARNING] pipeline.elastic_client: Could not resolve timestamp for ancestor 4b12d3cb-9ea7-52eb-a65c-fd49be92e2b0 in index endgame-*,logs-endpoint.events.process-*,logs-system.security*,logs-windows.forwarded*,logs-windows.sysmon_operational-*,winlogbeat-*, skipping this ancestor's validation
2026-08-23 16:37:59,365 [WARNING] pipeline.elastic_client: Could not resolve timestamp for ancestor 4b12d3cb-9ea7-52eb-a65c-fd49be92e2b0 in index endgame-*,logs-endpoint.events.process-*,logs-system.security*,logs-windows.forwarded*,logs-windows.sysmon_operational-*,winlogbeat-*, skipping this ancestor's validation
2026-08-23 16:37:59,365 [WARNING] pipeline.elastic_client: Could not resolve timestamp for ancestor 4b12d3cb-9ea7-52eb-a65c-fd49be92e2b0 in index endgame-*,logs-endpoint.events.process-*,logs-system.security*,logs-windows.forwarded*,logs-windows.sysmon_operational-*,winlogbeat-*, skipping this ancestor's validation
2026-08-23 16:37:59,365 [WARNING] pipeline.elastic_client: Could not resolve timestamp for ancestor 4b12d3cb-9ea7-52eb-a65c-fd49be92e2b0 in index endgame-*,logs-endpoint.events.process-*,logs-system.security*,logs-windows.forwarded*,logs-windows.sysmon_operational-*,winlogbeat-*, skipping this ancestor's validation
2026-08-23 16:37:59,365 [WARNING] pipeline.elastic_client: Could not resolve timestamp for ancestor 4b12d3cb-9ea7-52eb-a65c-fd49be92e2b0 in index endgame-*,logs-endpoint.events.process-*,logs-system.security*,logs-windows.forwarded*,logs-windows.sysmon_operational-*,winlogbeat-*, skipping this ancestor's validation
2026-08-23 16:37:59,365 [WARNING] pipeline.elastic_client: Could not resolve timestamp for ancestor 4b12d3cb-9ea7-52eb-a65c-fd49be92e2b0 in index endgame-*,logs-endpoint.events.process-*,logs-system.security*,logs-windows.forwarded*,logs-windows.sysmon_operational-*,winlogbeat-*, skipping this ancestor's validation
2026-08-23 16:37:59,365 [WARNING] pipeline.elastic_client: Could not resolve timestamp for ancestor 4b12d3cb-9ea7-52eb-a65c-fd49be92e2b0 in index endgame-*,logs-endpoint.events.process-*,logs-system.security*,logs-windows.forwarded*,logs-windows.sysmon_operational-*,winlogbeat-*, skipping this ancestor's validation
2026-08-23 16:37:59,365 [WARNING] pipeline.elastic_client: Could not resolve timestamp for ancestor 4b12d3cb-9ea7-52eb-a65c-fd49be92e2b0 in index endgame-*,logs-endpoint.events.process-*,logs-system.security*,logs-windows.forwarded*,logs-windows.sysmon_operational-*,winlogbeat-*, skipping this ancestor's validation
2026-08-23 16:37:59,366 [WARNING] pipeline.elastic_client: Could not resolve timestamp for ancestor 4b12d3cb-9ea7-52eb-a65c-fd49be92e2b0 in index endgame-*,logs-endpoint.events.process-*,logs-system.security*,logs-windows.forwarded*,logs-windows.sysmon_operational-*,winlogbeat-*, skipping this ancestor's validation
2026-08-23 16:37:59,366 [WARNING] pipeline.elastic_client: Could not resolve timestamp for ancestor 4b12d3cb-9ea7-52eb-a65c-fd49be92e2b0 in index endgame-*,logs-endpoint.events.process-*,logs-system.security*,logs-windows.forwarded*,logs-windows.sysmon_operational-*,winlogbeat-*, skipping this ancestor's validation
2026-08-23 16:37:59,366 [WARNING] pipeline.elastic_client: Could not resolve timestamp for ancestor 4b12d3cb-9ea7-52eb-a65c-fd49be92e2b0 in index endgame-*,logs-endpoint.events.process-*,logs-system.security*,logs-windows.forwarded*,logs-windows.sysmon_operational-*,winlogbeat-*, skipping this ancestor's validation
2026-08-23 16:37:59,366 [WARNING] pipeline.elastic_client: Could not resolve timestamp for ancestor 4b12d3cb-9ea7-52eb-a65c-fd49be92e2b0 in index endgame-*,logs-endpoint.events.process-*,logs-system.security*,logs-windows.forwarded*,logs-windows.sysmon_operational-*,winlogbeat-*, skipping this ancestor's validation
2026-08-23 16:37:59,366 [WARNING] pipeline.elastic_client: Could not resolve timestamp for ancestor 4b12d3cb-9ea7-52eb-a65c-fd49be92e2b0 in index endgame-*,logs-endpoint.events.process-*,logs-system.security*,logs-windows.forwarded*,logs-windows.sysmon_operational-*,winlogbeat-*, skipping this ancestor's validation
2026-08-23 16:37:59,366 [WARNING] pipeline.elastic_client: Could not resolve timestamp for ancestor 4b12d3cb-9ea7-52eb-a65c-fd49be92e2b0 in index endgame-*,logs-endpoint.events.process-*,logs-system.security*,logs-windows.forwarded*,logs-windows.sysmon_operational-*,winlogbeat-*, skipping this ancestor's validation
2026-08-23 16:37:59,366 [WARNING] pipeline.elastic_client: Could not resolve timestamp for ancestor 4b12d3cb-9ea7-52eb-a65c-fd49be92e2b0 in index endgame-*,logs-endpoint.events.process-*,logs-system.security*,logs-windows.forwarded*,logs-windows.sysmon_operational-*,winlogbeat-*, skipping this ancestor's validation
2026-08-23 16:37:59,366 [WARNING] pipeline.elastic_client: Could not resolve timestamp for ancestor 4b12d3cb-9ea7-52eb-a65c-fd49be92e2b0 in index endgame-*,logs-endpoint.events.process-*,logs-system.security*,logs-windows.forwarded*,logs-windows.sysmon_operational-*,winlogbeat-*, skipping this ancestor's validation
2026-08-23 16:37:59,366 [WARNING] pipeline.elastic_client: Could not resolve timestamp for ancestor 4b12d3cb-9ea7-52eb-a65c-fd49be92e2b0 in index endgame-*,logs-endpoint.events.process-*,logs-system.security*,logs-windows.forwarded*,logs-windows.sysmon_operational-*,winlogbeat-*, skipping this ancestor's validation
2026-08-23 16:37:59,366 [WARNING] pipeline.elastic_client: Could not resolve timestamp for ancestor 4b12d3cb-9ea7-52eb-a65c-fd49be92e2b0 in index endgame-*,logs-endpoint.events.process-*,logs-system.security*,logs-windows.forwarded*,logs-windows.sysmon_operational-*,winlogbeat-*, skipping this ancestor's validation
2026-08-23 16:37:59,366 [WARNING] pipeline.elastic_client: Could not resolve timestamp for ancestor 4b12d3cb-9ea7-52eb-a65c-fd49be92e2b0 in index endgame-*,logs-endpoint.events.process-*,logs-system.security*,logs-windows.forwarded*,logs-windows.sysmon_operational-*,winlogbeat-*, skipping this ancestor's validation
2026-08-23 16:37:59,366 [WARNING] pipeline.elastic_client: Could not resolve timestamp for ancestor 4b12d3cb-9ea7-52eb-a65c-fd49be92e2b0 in index endgame-*,logs-endpoint.events.process-*,logs-system.security*,logs-windows.forwarded*,logs-windows.sysmon_operational-*,winlogbeat-*, skipping this ancestor's validation
2026-08-23 16:37:59,366 [WARNING] pipeline.elastic_client: Could not resolve timestamp for ancestor 4b12d3cb-9ea7-52eb-a65c-fd49be92e2b0 in index endgame-*,logs-endpoint.events.process-*,logs-system.security*,logs-windows.forwarded*,logs-windows.sysmon_operational-*,winlogbeat-*, skipping this ancestor's validation
2026-08-23 16:37:59,367 [WARNING] pipeline.elastic_client: Could not resolve timestamp for ancestor 4b12d3cb-9ea7-52eb-a65c-fd49be92e2b0 in index endgame-*,logs-endpoint.events.process-*,logs-system.security*,logs-windows.forwarded*,logs-windows.sysmon_operational-*,winlogbeat-*, skipping this ancestor's validation
2026-08-23 16:37:59,367 [WARNING] pipeline.elastic_client: Could not resolve timestamp for ancestor 4b12d3cb-9ea7-52eb-a65c-fd49be92e2b0 in index endgame-*,logs-endpoint.events.process-*,logs-system.security*,logs-windows.forwarded*,logs-windows.sysmon_operational-*,winlogbeat-*, skipping this ancestor's validation
2026-08-23 16:37:59,367 [WARNING] pipeline.elastic_client: Could not resolve timestamp for ancestor 4b12d3cb-9ea7-52eb-a65c-fd49be92e2b0 in index endgame-*,logs-endpoint.events.process-*,logs-system.security*,logs-windows.forwarded*,logs-windows.sysmon_operational-*,winlogbeat-*, skipping this ancestor's validation
2026-08-23 16:37:59,367 [WARNING] pipeline.elastic_client: Could not resolve timestamp for ancestor 4b12d3cb-9ea7-52eb-a65c-fd49be92e2b0 in index endgame-*,logs-endpoint.events.process-*,logs-system.security*,logs-windows.forwarded*,logs-windows.sysmon_operational-*,winlogbeat-*, skipping this ancestor's validation
2026-08-23 16:37:59,367 [WARNING] pipeline.elastic_client: Could not resolve timestamp for ancestor 4b12d3cb-9ea7-52eb-a65c-fd49be92e2b0 in index endgame-*,logs-endpoint.events.process-*,logs-system.security*,logs-windows.forwarded*,logs-windows.sysmon_operational-*,winlogbeat-*, skipping this ancestor's validation
2026-08-23 16:37:59,367 [WARNING] pipeline.elastic_client: Could not resolve timestamp for ancestor 4b12d3cb-9ea7-52eb-a65c-fd49be92e2b0 in index endgame-*,logs-endpoint.events.process-*,logs-system.security*,logs-windows.forwarded*,logs-windows.sysmon_operational-*,winlogbeat-*, skipping this ancestor's validation
2026-08-23 16:37:59,368 [WARNING] pipeline.elastic_client: Could not resolve timestamp for ancestor 4b12d3cb-9ea7-52eb-a65c-fd49be92e2b0 in index endgame-*,logs-endpoint.events.process-*,logs-system.security*,logs-windows.forwarded*,logs-windows.sysmon_operational-*,winlogbeat-*, skipping this ancestor's validation
2026-08-23 16:37:59,368 [WARNING] pipeline.elastic_client: Could not resolve timestamp for ancestor 4b12d3cb-9ea7-52eb-a65c-fd49be92e2b0 in index endgame-*,logs-endpoint.events.process-*,logs-system.security*,logs-windows.forwarded*,logs-windows.sysmon_operational-*,winlogbeat-*, skipping this ancestor's validation
2026-08-23 16:37:59,368 [WARNING] pipeline.elastic_client: Could not resolve timestamp for ancestor 4b12d3cb-9ea7-52eb-a65c-fd49be92e2b0 in index endgame-*,logs-endpoint.events.process-*,logs-system.security*,logs-windows.forwarded*,logs-windows.sysmon_operational-*,winlogbeat-*, skipping this ancestor's validation
2026-08-23 16:37:59,368 [WARNING] pipeline.elastic_client: Could not resolve timestamp for ancestor 4b12d3cb-9ea7-52eb-a65c-fd49be92e2b0 in index endgame-*,logs-endpoint.events.process-*,logs-system.security*,logs-windows.forwarded*,logs-windows.sysmon_operational-*,winlogbeat-*, skipping this ancestor's validation
2026-08-23 16:37:59,368 [WARNING] pipeline.elastic_client: Could not resolve timestamp for ancestor 4b12d3cb-9ea7-52eb-a65c-fd49be92e2b0 in index endgame-*,logs-endpoint.events.process-*,logs-system.security*,logs-windows.forwarded*,logs-windows.sysmon_operational-*,winlogbeat-*, skipping this ancestor's validation
2026-08-23 16:37:59,368 [WARNING] pipeline.elastic_client: Could not resolve timestamp for ancestor 4b12d3cb-9ea7-52eb-a65c-fd49be92e2b0 in index endgame-*,logs-endpoint.events.process-*,logs-system.security*,logs-windows.forwarded*,logs-windows.sysmon_operational-*,winlogbeat-*, skipping this ancestor's validation
2026-08-23 16:37:59,368 [WARNING] pipeline.elastic_client: Could not resolve timestamp for ancestor 4b12d3cb-9ea7-52eb-a65c-fd49be92e2b0 in index endgame-*,logs-endpoint.events.process-*,logs-system.security*,logs-windows.forwarded*,logs-windows.sysmon_operational-*,winlogbeat-*, skipping this ancestor's validation
2026-08-23 16:37:59,368 [WARNING] pipeline.elastic_client: Could not resolve timestamp for ancestor 4b12d3cb-9ea7-52eb-a65c-fd49be92e2b0 in index endgame-*,logs-endpoint.events.process-*,logs-system.security*,logs-windows.forwarded*,logs-windows.sysmon_operational-*,winlogbeat-*, skipping this ancestor's validation
2026-08-23 16:37:59,369 [WARNING] pipeline.elastic_client: Could not resolve timestamp for ancestor 4b12d3cb-9ea7-52eb-a65c-fd49be92e2b0 in index endgame-*,logs-endpoint.events.process-*,logs-system.security*,logs-windows.forwarded*,logs-windows.sysmon_operational-*,winlogbeat-*, skipping this ancestor's validation
2026-08-23 16:37:59,369 [WARNING] pipeline.elastic_client: Could not resolve timestamp for ancestor 4b12d3cb-9ea7-52eb-a65c-fd49be92e2b0 in index endgame-*,logs-endpoint.events.process-*,logs-system.security*,logs-windows.forwarded*,logs-windows.sysmon_operational-*,winlogbeat-*, skipping this ancestor's validation
2026-08-23 16:37:59,369 [WARNING] pipeline.elastic_client: Could not resolve timestamp for ancestor 4b12d3cb-9ea7-52eb-a65c-fd49be92e2b0 in index endgame-*,logs-endpoint.events.process-*,logs-system.security*,logs-windows.forwarded*,logs-windows.sysmon_operational-*,winlogbeat-*, skipping this ancestor's validation
2026-08-23 16:37:59,369 [WARNING] pipeline.elastic_client: Could not resolve timestamp for ancestor 4b12d3cb-9ea7-52eb-a65c-fd49be92e2b0 in index endgame-*,logs-endpoint.events.process-*,logs-system.security*,logs-windows.forwarded*,logs-windows.sysmon_operational-*,winlogbeat-*, skipping this ancestor's validation
2026-08-23 16:37:59,369 [WARNING] pipeline.elastic_client: Could not resolve timestamp for ancestor 4b12d3cb-9ea7-52eb-a65c-fd49be92e2b0 in index endgame-*,logs-endpoint.events.process-*,logs-system.security*,logs-windows.forwarded*,logs-windows.sysmon_operational-*,winlogbeat-*, skipping this ancestor's validation
2026-08-23 16:37:59,369 [WARNING] pipeline.elastic_client: Could not resolve timestamp for ancestor 4b12d3cb-9ea7-52eb-a65c-fd49be92e2b0 in index endgame-*,logs-endpoint.events.process-*,logs-system.security*,logs-windows.forwarded*,logs-windows.sysmon_operational-*,winlogbeat-*, skipping this ancestor's validation
2026-08-23 16:37:59,369 [WARNING] pipeline.elastic_client: Could not resolve timestamp for ancestor 4b12d3cb-9ea7-52eb-a65c-fd49be92e2b0 in index endgame-*,logs-endpoint.events.process-*,logs-system.security*,logs-windows.forwarded*,logs-windows.sysmon_operational-*,winlogbeat-*, skipping this ancestor's validation
2026-08-23 16:37:59,369 [WARNING] pipeline.elastic_client: Could not resolve timestamp for ancestor 4b12d3cb-9ea7-52eb-a65c-fd49be92e2b0 in index endgame-*,logs-endpoint.events.process-*,logs-system.security*,logs-windows.forwarded*,logs-windows.sysmon_operational-*,winlogbeat-*, skipping this ancestor's validation
2026-08-23 16:37:59,369 [WARNING] pipeline.elastic_client: Could not resolve timestamp for ancestor 4b12d3cb-9ea7-52eb-a65c-fd49be92e2b0 in index endgame-*,logs-endpoint.events.process-*,logs-system.security*,logs-windows.forwarded*,logs-windows.sysmon_operational-*,winlogbeat-*, skipping this ancestor's validation
2026-08-23 16:37:59,369 [WARNING] pipeline.elastic_client: Could not resolve timestamp for ancestor 4b12d3cb-9ea7-52eb-a65c-fd49be92e2b0 in index endgame-*,logs-endpoint.events.process-*,logs-system.security*,logs-windows.forwarded*,logs-windows.sysmon_operational-*,winlogbeat-*, skipping this ancestor's validation
2026-08-23 16:37:59,369 [WARNING] pipeline.elastic_client: Could not resolve timestamp for ancestor 4b12d3cb-9ea7-52eb-a65c-fd49be92e2b0 in index endgame-*,logs-endpoint.events.process-*,logs-system.security*,logs-windows.forwarded*,logs-windows.sysmon_operational-*,winlogbeat-*, skipping this ancestor's validation
2026-08-23 16:37:59,369 [WARNING] pipeline.elastic_client: Could not resolve timestamp for ancestor 4b12d3cb-9ea7-52eb-a65c-fd49be92e2b0 in index endgame-*,logs-endpoint.events.process-*,logs-system.security*,logs-windows.forwarded*,logs-windows.sysmon_operational-*,winlogbeat-*, skipping this ancestor's validation
2026-08-23 16:37:59,370 [WARNING] pipeline.elastic_client: Could not resolve timestamp for ancestor 4b12d3cb-9ea7-52eb-a65c-fd49be92e2b0 in index endgame-*,logs-endpoint.events.process-*,logs-system.security*,logs-windows.forwarded*,logs-windows.sysmon_operational-*,winlogbeat-*, skipping this ancestor's validation
2026-08-23 16:37:59,370 [WARNING] pipeline.elastic_client: Could not resolve timestamp for ancestor 4b12d3cb-9ea7-52eb-a65c-fd49be92e2b0 in index endgame-*,logs-endpoint.events.process-*,logs-system.security*,logs-windows.forwarded*,logs-windows.sysmon_operational-*,winlogbeat-*, skipping this ancestor's validation
2026-08-23 16:37:59,370 [WARNING] pipeline.elastic_client: Could not resolve timestamp for ancestor 4b12d3cb-9ea7-52eb-a65c-fd49be92e2b0 in index endgame-*,logs-endpoint.events.process-*,logs-system.security*,logs-windows.forwarded*,logs-windows.sysmon_operational-*,winlogbeat-*, skipping this ancestor's validation
2026-08-23 16:37:59,370 [WARNING] pipeline.elastic_client: Could not resolve timestamp for ancestor 4b12d3cb-9ea7-52eb-a65c-fd49be92e2b0 in index endgame-*,logs-endpoint.events.process-*,logs-system.security*,logs-windows.forwarded*,logs-windows.sysmon_operational-*,winlogbeat-*, skipping this ancestor's validation
2026-08-23 16:37:59,370 [WARNING] pipeline.elastic_client: Could not resolve timestamp for ancestor 4b12d3cb-9ea7-52eb-a65c-fd49be92e2b0 in index endgame-*,logs-endpoint.events.process-*,logs-system.security*,logs-windows.forwarded*,logs-windows.sysmon_operational-*,winlogbeat-*, skipping this ancestor's validation
2026-08-23 16:37:59,370 [WARNING] pipeline.elastic_client: Could not resolve timestamp for ancestor 4b12d3cb-9ea7-52eb-a65c-fd49be92e2b0 in index endgame-*,logs-endpoint.events.process-*,logs-system.security*,logs-windows.forwarded*,logs-windows.sysmon_operational-*,winlogbeat-*, skipping this ancestor's validation
2026-08-23 16:37:59,370 [WARNING] pipeline.elastic_client: Could not resolve timestamp for ancestor 4b12d3cb-9ea7-52eb-a65c-fd49be92e2b0 in index endgame-*,logs-endpoint.events.process-*,logs-system.security*,logs-windows.forwarded*,logs-windows.sysmon_operational-*,winlogbeat-*, skipping this ancestor's validation
2026-08-23 16:37:59,371 [WARNING] pipeline.elastic_client: Could not resolve timestamp for ancestor 4b12d3cb-9ea7-52eb-a65c-fd49be92e2b0 in index endgame-*,logs-endpoint.events.process-*,logs-system.security*,logs-windows.forwarded*,logs-windows.sysmon_operational-*,winlogbeat-*, skipping this ancestor's validation
2026-08-23 16:37:59,371 [WARNING] pipeline.elastic_client: Could not resolve timestamp for ancestor 4b12d3cb-9ea7-52eb-a65c-fd49be92e2b0 in index endgame-*,logs-endpoint.events.process-*,logs-system.security*,logs-windows.forwarded*,logs-windows.sysmon_operational-*,winlogbeat-*, skipping this ancestor's validation
2026-08-23 16:37:59,371 [WARNING] pipeline.elastic_client: Could not resolve timestamp for ancestor 4b12d3cb-9ea7-52eb-a65c-fd49be92e2b0 in index endgame-*,logs-endpoint.events.process-*,logs-system.security*,logs-windows.forwarded*,logs-windows.sysmon_operational-*,winlogbeat-*, skipping this ancestor's validation
2026-08-23 16:37:59,371 [WARNING] pipeline.elastic_client: Could not resolve timestamp for ancestor 4b12d3cb-9ea7-52eb-a65c-fd49be92e2b0 in index endgame-*,logs-endpoint.events.process-*,logs-system.security*,logs-windows.forwarded*,logs-windows.sysmon_operational-*,winlogbeat-*, skipping this ancestor's validation
2026-08-23 16:37:59,371 [WARNING] pipeline.elastic_client: Could not resolve timestamp for ancestor 4b12d3cb-9ea7-52eb-a65c-fd49be92e2b0 in index endgame-*,logs-endpoint.events.process-*,logs-system.security*,logs-windows.forwarded*,logs-windows.sysmon_operational-*,winlogbeat-*, skipping this ancestor's validation
2026-08-23 16:37:59,371 [WARNING] pipeline.elastic_client: Could not resolve timestamp for ancestor 4b12d3cb-9ea7-52eb-a65c-fd49be92e2b0 in index endgame-*,logs-endpoint.events.process-*,logs-system.security*,logs-windows.forwarded*,logs-windows.sysmon_operational-*,winlogbeat-*, skipping this ancestor's validation
2026-08-23 16:37:59,371 [WARNING] pipeline.elastic_client: Could not resolve timestamp for ancestor 4b12d3cb-9ea7-52eb-a65c-fd49be92e2b0 in index endgame-*,logs-endpoint.events.process-*,logs-system.security*,logs-windows.forwarded*,logs-windows.sysmon_operational-*,winlogbeat-*, skipping this ancestor's validation
2026-08-23 16:37:59,371 [WARNING] pipeline.elastic_client: Could not resolve timestamp for ancestor 4b12d3cb-9ea7-52eb-a65c-fd49be92e2b0 in index endgame-*,logs-endpoint.events.process-*,logs-system.security*,logs-windows.forwarded*,logs-windows.sysmon_operational-*,winlogbeat-*, skipping this ancestor's validation
2026-08-23 16:37:59,371 [WARNING] pipeline.elastic_client: Could not resolve timestamp for ancestor 4b12d3cb-9ea7-52eb-a65c-fd49be92e2b0 in index endgame-*,logs-endpoint.events.process-*,logs-system.security*,logs-windows.forwarded*,logs-windows.sysmon_operational-*,winlogbeat-*, skipping this ancestor's validation
2026-08-23 16:37:59,372 [WARNING] pipeline.elastic_client: Could not resolve timestamp for ancestor 4b12d3cb-9ea7-52eb-a65c-fd49be92e2b0 in index endgame-*,logs-endpoint.events.process-*,logs-system.security*,logs-windows.forwarded*,logs-windows.sysmon_operational-*,winlogbeat-*, skipping this ancestor's validation
2026-08-23 16:37:59,372 [WARNING] pipeline.elastic_client: Could not resolve timestamp for ancestor 4b12d3cb-9ea7-52eb-a65c-fd49be92e2b0 in index endgame-*,logs-endpoint.events.process-*,logs-system.security*,logs-windows.forwarded*,logs-windows.sysmon_operational-*,winlogbeat-*, skipping this ancestor's validation
2026-08-23 16:37:59,372 [WARNING] pipeline.elastic_client: Could not resolve timestamp for ancestor 4b12d3cb-9ea7-52eb-a65c-fd49be92e2b0 in index endgame-*,logs-endpoint.events.process-*,logs-system.security*,logs-windows.forwarded*,logs-windows.sysmon_operational-*,winlogbeat-*, skipping this ancestor's validation
2026-08-23 16:37:59,372 [WARNING] pipeline.elastic_client: Could not resolve timestamp for ancestor 4b12d3cb-9ea7-52eb-a65c-fd49be92e2b0 in index endgame-*,logs-endpoint.events.process-*,logs-system.security*,logs-windows.forwarded*,logs-windows.sysmon_operational-*,winlogbeat-*, skipping this ancestor's validation
2026-08-23 16:37:59,372 [WARNING] pipeline.elastic_client: Could not resolve timestamp for ancestor 4b12d3cb-9ea7-52eb-a65c-fd49be92e2b0 in index endgame-*,logs-endpoint.events.process-*,logs-system.security*,logs-windows.forwarded*,logs-windows.sysmon_operational-*,winlogbeat-*, skipping this ancestor's validation
2026-08-23 16:37:59,372 [WARNING] pipeline.elastic_client: Could not resolve timestamp for ancestor 4b12d3cb-9ea7-52eb-a65c-fd49be92e2b0 in index endgame-*,logs-endpoint.events.process-*,logs-system.security*,logs-windows.forwarded*,logs-windows.sysmon_operational-*,winlogbeat-*, skipping this ancestor's validation
2026-08-23 16:37:59,372 [WARNING] pipeline.elastic_client: Could not resolve timestamp for ancestor 4b12d3cb-9ea7-52eb-a65c-fd49be92e2b0 in index endgame-*,logs-endpoint.events.process-*,logs-system.security*,logs-windows.forwarded*,logs-windows.sysmon_operational-*,winlogbeat-*, skipping this ancestor's validation
2026-08-23 16:37:59,372 [WARNING] pipeline.elastic_client: Could not resolve timestamp for ancestor 4b12d3cb-9ea7-52eb-a65c-fd49be92e2b0 in index endgame-*,logs-endpoint.events.process-*,logs-system.security*,logs-windows.forwarded*,logs-windows.sysmon_operational-*,winlogbeat-*, skipping this ancestor's validation
2026-08-23 16:37:59,372 [WARNING] pipeline.elastic_client: Could not resolve timestamp for ancestor 4b12d3cb-9ea7-52eb-a65c-fd49be92e2b0 in index endgame-*,logs-endpoint.events.process-*,logs-system.security*,logs-windows.forwarded*,logs-windows.sysmon_operational-*,winlogbeat-*, skipping this ancestor's validation
2026-08-23 16:37:59,372 [WARNING] pipeline.elastic_client: Could not resolve timestamp for ancestor 4b12d3cb-9ea7-52eb-a65c-fd49be92e2b0 in index endgame-*,logs-endpoint.events.process-*,logs-system.security*,logs-windows.forwarded*,logs-windows.sysmon_operational-*,winlogbeat-*, skipping this ancestor's validation
2026-08-23 16:37:59,372 [WARNING] pipeline.elastic_client: Could not resolve timestamp for ancestor 4b12d3cb-9ea7-52eb-a65c-fd49be92e2b0 in index endgame-*,logs-endpoint.events.process-*,logs-system.security*,logs-windows.forwarded*,logs-windows.sysmon_operational-*,winlogbeat-*, skipping this ancestor's validation
2026-08-23 16:37:59,372 [WARNING] pipeline.elastic_client: Could not resolve timestamp for ancestor 4b12d3cb-9ea7-52eb-a65c-fd49be92e2b0 in index endgame-*,logs-endpoint.events.process-*,logs-system.security*,logs-windows.forwarded*,logs-windows.sysmon_operational-*,winlogbeat-*, skipping this ancestor's validation
2026-08-23 16:37:59,373 [WARNING] pipeline.elastic_client: Could not resolve timestamp for ancestor 4b12d3cb-9ea7-52eb-a65c-fd49be92e2b0 in index endgame-*,logs-endpoint.events.process-*,logs-system.security*,logs-windows.forwarded*,logs-windows.sysmon_operational-*,winlogbeat-*, skipping this ancestor's validation
2026-08-23 16:37:59,373 [WARNING] pipeline.elastic_client: Could not resolve timestamp for ancestor 4b12d3cb-9ea7-52eb-a65c-fd49be92e2b0 in index endgame-*,logs-endpoint.events.process-*,logs-system.security*,logs-windows.forwarded*,logs-windows.sysmon_operational-*,winlogbeat-*, skipping this ancestor's validation
2026-08-23 16:37:59,373 [WARNING] pipeline.elastic_client: Could not resolve timestamp for ancestor 4b12d3cb-9ea7-52eb-a65c-fd49be92e2b0 in index endgame-*,logs-endpoint.events.process-*,logs-system.security*,logs-windows.forwarded*,logs-windows.sysmon_operational-*,winlogbeat-*, skipping this ancestor's validation
2026-08-23 16:37:59,373 [WARNING] pipeline.elastic_client: Could not resolve timestamp for ancestor 4b12d3cb-9ea7-52eb-a65c-fd49be92e2b0 in index endgame-*,logs-endpoint.events.process-*,logs-system.security*,logs-windows.forwarded*,logs-windows.sysmon_operational-*,winlogbeat-*, skipping this ancestor's validation
2026-08-23 16:37:59,373 [WARNING] pipeline.elastic_client: Could not resolve timestamp for ancestor 4b12d3cb-9ea7-52eb-a65c-fd49be92e2b0 in index endgame-*,logs-endpoint.events.process-*,logs-system.security*,logs-windows.forwarded*,logs-windows.sysmon_operational-*,winlogbeat-*, skipping this ancestor's validation
2026-08-23 16:37:59,373 [WARNING] pipeline.elastic_client: Could not resolve timestamp for ancestor 4b12d3cb-9ea7-52eb-a65c-fd49be92e2b0 in index endgame-*,logs-endpoint.events.process-*,logs-system.security*,logs-windows.forwarded*,logs-windows.sysmon_operational-*,winlogbeat-*, skipping this ancestor's validation
2026-08-23 16:37:59,373 [WARNING] pipeline.elastic_client: Could not resolve timestamp for ancestor 4b12d3cb-9ea7-52eb-a65c-fd49be92e2b0 in index endgame-*,logs-endpoint.events.process-*,logs-system.security*,logs-windows.forwarded*,logs-windows.sysmon_operational-*,winlogbeat-*, skipping this ancestor's validation
2026-08-23 16:37:59,373 [WARNING] pipeline.elastic_client: Could not resolve timestamp for ancestor 4b12d3cb-9ea7-52eb-a65c-fd49be92e2b0 in index endgame-*,logs-endpoint.events.process-*,logs-system.security*,logs-windows.forwarded*,logs-windows.sysmon_operational-*,winlogbeat-*, skipping this ancestor's validation
2026-08-23 16:37:59,373 [WARNING] pipeline.elastic_client: Could not resolve timestamp for ancestor 4b12d3cb-9ea7-52eb-a65c-fd49be92e2b0 in index endgame-*,logs-endpoint.events.process-*,logs-system.security*,logs-windows.forwarded*,logs-windows.sysmon_operational-*,winlogbeat-*, skipping this ancestor's validation
2026-08-23 16:37:59,373 [WARNING] pipeline.elastic_client: Could not resolve timestamp for ancestor 4b12d3cb-9ea7-52eb-a65c-fd49be92e2b0 in index endgame-*,logs-endpoint.events.process-*,logs-system.security*,logs-windows.forwarded*,logs-windows.sysmon_operational-*,winlogbeat-*, skipping this ancestor's validation
2026-08-23 16:37:59,373 [WARNING] pipeline.elastic_client: Could not resolve timestamp for ancestor 4b12d3cb-9ea7-52eb-a65c-fd49be92e2b0 in index endgame-*,logs-endpoint.events.process-*,logs-system.security*,logs-windows.forwarded*,logs-windows.sysmon_operational-*,winlogbeat-*, skipping this ancestor's validation
2026-08-23 16:37:59,373 [WARNING] pipeline.elastic_client: Could not resolve timestamp for ancestor 4b12d3cb-9ea7-52eb-a65c-fd49be92e2b0 in index endgame-*,logs-endpoint.events.process-*,logs-system.security*,logs-windows.forwarded*,logs-windows.sysmon_operational-*,winlogbeat-*, skipping this ancestor's validation
2026-08-23 16:37:59,374 [WARNING] pipeline.elastic_client: Could not resolve timestamp for ancestor 4b12d3cb-9ea7-52eb-a65c-fd49be92e2b0 in index endgame-*,logs-endpoint.events.process-*,logs-system.security*,logs-windows.forwarded*,logs-windows.sysmon_operational-*,winlogbeat-*, skipping this ancestor's validation
2026-08-23 16:37:59,374 [WARNING] pipeline.elastic_client: Could not resolve timestamp for ancestor 4b12d3cb-9ea7-52eb-a65c-fd49be92e2b0 in index endgame-*,logs-endpoint.events.process-*,logs-system.security*,logs-windows.forwarded*,logs-windows.sysmon_operational-*,winlogbeat-*, skipping this ancestor's validation
2026-08-23 16:37:59,374 [WARNING] pipeline.elastic_client: Could not resolve timestamp for ancestor 4b12d3cb-9ea7-52eb-a65c-fd49be92e2b0 in index endgame-*,logs-endpoint.events.process-*,logs-system.security*,logs-windows.forwarded*,logs-windows.sysmon_operational-*,winlogbeat-*, skipping this ancestor's validation
2026-08-23 16:37:59,374 [WARNING] pipeline.elastic_client: Could not resolve timestamp for ancestor 4b12d3cb-9ea7-52eb-a65c-fd49be92e2b0 in index endgame-*,logs-endpoint.events.process-*,logs-system.security*,logs-windows.forwarded*,logs-windows.sysmon_operational-*,winlogbeat-*, skipping this ancestor's validation
2026-08-23 16:37:59,374 [WARNING] pipeline.elastic_client: Could not resolve timestamp for ancestor 4b12d3cb-9ea7-52eb-a65c-fd49be92e2b0 in index endgame-*,logs-endpoint.events.process-*,logs-system.security*,logs-windows.forwarded*,logs-windows.sysmon_operational-*,winlogbeat-*, skipping this ancestor's validation
2026-08-23 16:37:59,374 [WARNING] pipeline.elastic_client: Could not resolve timestamp for ancestor 4b12d3cb-9ea7-52eb-a65c-fd49be92e2b0 in index endgame-*,logs-endpoint.events.process-*,logs-system.security*,logs-windows.forwarded*,logs-windows.sysmon_operational-*,winlogbeat-*, skipping this ancestor's validation
2026-08-23 16:37:59,374 [WARNING] pipeline.elastic_client: Could not resolve timestamp for ancestor 4b12d3cb-9ea7-52eb-a65c-fd49be92e2b0 in index endgame-*,logs-endpoint.events.process-*,logs-system.security*,logs-windows.forwarded*,logs-windows.sysmon_operational-*,winlogbeat-*, skipping this ancestor's validation
2026-08-23 16:37:59,374 [WARNING] pipeline.elastic_client: Could not resolve timestamp for ancestor 4b12d3cb-9ea7-52eb-a65c-fd49be92e2b0 in index endgame-*,logs-endpoint.events.process-*,logs-system.security*,logs-windows.forwarded*,logs-windows.sysmon_operational-*,winlogbeat-*, skipping this ancestor's validation
2026-08-23 16:37:59,374 [WARNING] pipeline.elastic_client: Could not resolve timestamp for ancestor 4b12d3cb-9ea7-52eb-a65c-fd49be92e2b0 in index endgame-*,logs-endpoint.events.process-*,logs-system.security*,logs-windows.forwarded*,logs-windows.sysmon_operational-*,winlogbeat-*, skipping this ancestor's validation
2026-08-23 16:37:59,374 [WARNING] pipeline.elastic_client: Could not resolve timestamp for ancestor 4b12d3cb-9ea7-52eb-a65c-fd49be92e2b0 in index endgame-*,logs-endpoint.events.process-*,logs-system.security*,logs-windows.forwarded*,logs-windows.sysmon_operational-*,winlogbeat-*, skipping this ancestor's validation
2026-08-23 16:37:59,374 [WARNING] pipeline.elastic_client: Could not resolve timestamp for ancestor 4b12d3cb-9ea7-52eb-a65c-fd49be92e2b0 in index endgame-*,logs-endpoint.events.process-*,logs-system.security*,logs-windows.forwarded*,logs-windows.sysmon_operational-*,winlogbeat-*, skipping this ancestor's validation
2026-08-23 16:37:59,374 [WARNING] pipeline.elastic_client: Could not resolve timestamp for ancestor 4b12d3cb-9ea7-52eb-a65c-fd49be92e2b0 in index endgame-*,logs-endpoint.events.process-*,logs-system.security*,logs-windows.forwarded*,logs-windows.sysmon_operational-*,winlogbeat-*, skipping this ancestor's validation
2026-08-23 16:37:59,375 [WARNING] pipeline.elastic_client: Could not resolve timestamp for ancestor 4b12d3cb-9ea7-52eb-a65c-fd49be92e2b0 in index endgame-*,logs-endpoint.events.process-*,logs-system.security*,logs-windows.forwarded*,logs-windows.sysmon_operational-*,winlogbeat-*, skipping this ancestor's validation
2026-08-23 16:37:59,375 [WARNING] pipeline.elastic_client: Could not resolve timestamp for ancestor 4b12d3cb-9ea7-52eb-a65c-fd49be92e2b0 in index endgame-*,logs-endpoint.events.process-*,logs-system.security*,logs-windows.forwarded*,logs-windows.sysmon_operational-*,winlogbeat-*, skipping this ancestor's validation
2026-08-23 16:37:59,375 [WARNING] pipeline.elastic_client: Could not resolve timestamp for ancestor 4b12d3cb-9ea7-52eb-a65c-fd49be92e2b0 in index endgame-*,logs-endpoint.events.process-*,logs-system.security*,logs-windows.forwarded*,logs-windows.sysmon_operational-*,winlogbeat-*, skipping this ancestor's validation
2026-08-23 16:37:59,375 [WARNING] pipeline.elastic_client: Could not resolve timestamp for ancestor 4b12d3cb-9ea7-52eb-a65c-fd49be92e2b0 in index endgame-*,logs-endpoint.events.process-*,logs-system.security*,logs-windows.forwarded*,logs-windows.sysmon_operational-*,winlogbeat-*, skipping this ancestor's validation
2026-08-23 16:37:59,375 [WARNING] pipeline.elastic_client: Could not resolve timestamp for ancestor 4b12d3cb-9ea7-52eb-a65c-fd49be92e2b0 in index endgame-*,logs-endpoint.events.process-*,logs-system.security*,logs-windows.forwarded*,logs-windows.sysmon_operational-*,winlogbeat-*, skipping this ancestor's validation
2026-08-23 16:37:59,375 [WARNING] pipeline.elastic_client: Could not resolve timestamp for ancestor 4b12d3cb-9ea7-52eb-a65c-fd49be92e2b0 in index endgame-*,logs-endpoint.events.process-*,logs-system.security*,logs-windows.forwarded*,logs-windows.sysmon_operational-*,winlogbeat-*, skipping this ancestor's validation
2026-08-23 16:37:59,375 [WARNING] pipeline.elastic_client: Could not resolve timestamp for ancestor 4b12d3cb-9ea7-52eb-a65c-fd49be92e2b0 in index endgame-*,logs-endpoint.events.process-*,logs-system.security*,logs-windows.forwarded*,logs-windows.sysmon_operational-*,winlogbeat-*, skipping this ancestor's validation
2026-08-23 16:37:59,375 [WARNING] pipeline.elastic_client: Could not resolve timestamp for ancestor 4b12d3cb-9ea7-52eb-a65c-fd49be92e2b0 in index endgame-*,logs-endpoint.events.process-*,logs-system.security*,logs-windows.forwarded*,logs-windows.sysmon_operational-*,winlogbeat-*, skipping this ancestor's validation
2026-08-23 16:37:59,375 [WARNING] pipeline.elastic_client: Could not resolve timestamp for ancestor 4b12d3cb-9ea7-52eb-a65c-fd49be92e2b0 in index endgame-*,logs-endpoint.events.process-*,logs-system.security*,logs-windows.forwarded*,logs-windows.sysmon_operational-*,winlogbeat-*, skipping this ancestor's validation
2026-08-23 16:37:59,375 [WARNING] pipeline.elastic_client: Could not resolve timestamp for ancestor 4b12d3cb-9ea7-52eb-a65c-fd49be92e2b0 in index endgame-*,logs-endpoint.events.process-*,logs-system.security*,logs-windows.forwarded*,logs-windows.sysmon_operational-*,winlogbeat-*, skipping this ancestor's validation
2026-08-23 16:37:59,375 [WARNING] pipeline.elastic_client: Could not resolve timestamp for ancestor 4b12d3cb-9ea7-52eb-a65c-fd49be92e2b0 in index endgame-*,logs-endpoint.events.process-*,logs-system.security*,logs-windows.forwarded*,logs-windows.sysmon_operational-*,winlogbeat-*, skipping this ancestor's validation
2026-08-23 16:37:59,375 [WARNING] pipeline.elastic_client: Could not resolve timestamp for ancestor 4b12d3cb-9ea7-52eb-a65c-fd49be92e2b0 in index endgame-*,logs-endpoint.events.process-*,logs-system.security*,logs-windows.forwarded*,logs-windows.sysmon_operational-*,winlogbeat-*, skipping this ancestor's validation
2026-08-23 16:37:59,376 [WARNING] pipeline.elastic_client: Could not resolve timestamp for ancestor 4b12d3cb-9ea7-52eb-a65c-fd49be92e2b0 in index endgame-*,logs-endpoint.events.process-*,logs-system.security*,logs-windows.forwarded*,logs-windows.sysmon_operational-*,winlogbeat-*, skipping this ancestor's validation
2026-08-23 16:37:59,376 [WARNING] pipeline.elastic_client: Could not resolve timestamp for ancestor 4b12d3cb-9ea7-52eb-a65c-fd49be92e2b0 in index endgame-*,logs-endpoint.events.process-*,logs-system.security*,logs-windows.forwarded*,logs-windows.sysmon_operational-*,winlogbeat-*, skipping this ancestor's validation
2026-08-23 16:37:59,376 [WARNING] pipeline.elastic_client: Could not resolve timestamp for ancestor 4b12d3cb-9ea7-52eb-a65c-fd49be92e2b0 in index endgame-*,logs-endpoint.events.process-*,logs-system.security*,logs-windows.forwarded*,logs-windows.sysmon_operational-*,winlogbeat-*, skipping this ancestor's validation
2026-08-23 16:37:59,376 [WARNING] pipeline.elastic_client: Could not resolve timestamp for ancestor 4b12d3cb-9ea7-52eb-a65c-fd49be92e2b0 in index endgame-*,logs-endpoint.events.process-*,logs-system.security*,logs-windows.forwarded*,logs-windows.sysmon_operational-*,winlogbeat-*, skipping this ancestor's validation
2026-08-23 16:37:59,376 [WARNING] pipeline.elastic_client: Could not resolve timestamp for ancestor 4b12d3cb-9ea7-52eb-a65c-fd49be92e2b0 in index endgame-*,logs-endpoint.events.process-*,logs-system.security*,logs-windows.forwarded*,logs-windows.sysmon_operational-*,winlogbeat-*, skipping this ancestor's validation
2026-08-23 16:37:59,376 [WARNING] pipeline.elastic_client: Could not resolve timestamp for ancestor 4b12d3cb-9ea7-52eb-a65c-fd49be92e2b0 in index endgame-*,logs-endpoint.events.process-*,logs-system.security*,logs-windows.forwarded*,logs-windows.sysmon_operational-*,winlogbeat-*, skipping this ancestor's validation
2026-08-23 16:37:59,376 [WARNING] pipeline.elastic_client: Could not resolve timestamp for ancestor 4b12d3cb-9ea7-52eb-a65c-fd49be92e2b0 in index endgame-*,logs-endpoint.events.process-*,logs-system.security*,logs-windows.forwarded*,logs-windows.sysmon_operational-*,winlogbeat-*, skipping this ancestor's validation
2026-08-23 16:37:59,376 [WARNING] pipeline.elastic_client: Could not resolve timestamp for ancestor 4b12d3cb-9ea7-52eb-a65c-fd49be92e2b0 in index endgame-*,logs-endpoint.events.process-*,logs-system.security*,logs-windows.forwarded*,logs-windows.sysmon_operational-*,winlogbeat-*, skipping this ancestor's validation
2026-08-23 16:37:59,376 [WARNING] pipeline.elastic_client: Could not resolve timestamp for ancestor 4b12d3cb-9ea7-52eb-a65c-fd49be92e2b0 in index endgame-*,logs-endpoint.events.process-*,logs-system.security*,logs-windows.forwarded*,logs-windows.sysmon_operational-*,winlogbeat-*, skipping this ancestor's validation
2026-08-23 16:37:59,376 [WARNING] pipeline.elastic_client: Could not resolve timestamp for ancestor 4b12d3cb-9ea7-52eb-a65c-fd49be92e2b0 in index endgame-*,logs-endpoint.events.process-*,logs-system.security*,logs-windows.forwarded*,logs-windows.sysmon_operational-*,winlogbeat-*, skipping this ancestor's validation
2026-08-23 16:38:23,211 [WARNING] pipeline.elastic_client: Could not resolve timestamp for ancestor e97efb58-53c4-5376-a44b-578f3d4df570 in index endgame-*,logs-endpoint.events.process-*,logs-system.security*,logs-windows.forwarded*,logs-windows.sysmon_operational-*,winlogbeat-*, skipping this ancestor's validation
2026-08-23 16:38:23,211 [WARNING] pipeline.elastic_client: Could not resolve timestamp for ancestor e97efb58-53c4-5376-a44b-578f3d4df570 in index endgame-*,logs-endpoint.events.process-*,logs-system.security*,logs-windows.forwarded*,logs-windows.sysmon_operational-*,winlogbeat-*, skipping this ancestor's validation
2026-08-23 16:38:23,211 [WARNING] pipeline.elastic_client: Could not resolve timestamp for ancestor e97efb58-53c4-5376-a44b-578f3d4df570 in index endgame-*,logs-endpoint.events.process-*,logs-system.security*,logs-windows.forwarded*,logs-windows.sysmon_operational-*,winlogbeat-*, skipping this ancestor's validation
2026-08-23 16:38:23,211 [WARNING] pipeline.elastic_client: Could not resolve timestamp for ancestor e97efb58-53c4-5376-a44b-578f3d4df570 in index endgame-*,logs-endpoint.events.process-*,logs-system.security*,logs-windows.forwarded*,logs-windows.sysmon_operational-*,winlogbeat-*, skipping this ancestor's validation
2026-08-23 16:38:23,211 [WARNING] pipeline.elastic_client: Could not resolve timestamp for ancestor e97efb58-53c4-5376-a44b-578f3d4df570 in index endgame-*,logs-endpoint.events.process-*,logs-system.security*,logs-windows.forwarded*,logs-windows.sysmon_operational-*,winlogbeat-*, skipping this ancestor's validation
2026-08-23 16:38:23,212 [WARNING] pipeline.elastic_client: Could not resolve timestamp for ancestor e97efb58-53c4-5376-a44b-578f3d4df570 in index endgame-*,logs-endpoint.events.process-*,logs-system.security*,logs-windows.forwarded*,logs-windows.sysmon_operational-*,winlogbeat-*, skipping this ancestor's validation
2026-08-23 16:38:23,212 [WARNING] pipeline.elastic_client: Could not resolve timestamp for ancestor e97efb58-53c4-5376-a44b-578f3d4df570 in index endgame-*,logs-endpoint.events.process-*,logs-system.security*,logs-windows.forwarded*,logs-windows.sysmon_operational-*,winlogbeat-*, skipping this ancestor's validation
2026-08-23 16:38:23,212 [WARNING] pipeline.elastic_client: Could not resolve timestamp for ancestor e97efb58-53c4-5376-a44b-578f3d4df570 in index endgame-*,logs-endpoint.events.process-*,logs-system.security*,logs-windows.forwarded*,logs-windows.sysmon_operational-*,winlogbeat-*, skipping this ancestor's validation
2026-08-23 16:38:23,212 [WARNING] pipeline.elastic_client: Could not resolve timestamp for ancestor e97efb58-53c4-5376-a44b-578f3d4df570 in index endgame-*,logs-endpoint.events.process-*,logs-system.security*,logs-windows.forwarded*,logs-windows.sysmon_operational-*,winlogbeat-*, skipping this ancestor's validation
2026-08-23 16:38:23,212 [WARNING] pipeline.elastic_client: Could not resolve timestamp for ancestor e97efb58-53c4-5376-a44b-578f3d4df570 in index endgame-*,logs-endpoint.events.process-*,logs-system.security*,logs-windows.forwarded*,logs-windows.sysmon_operational-*,winlogbeat-*, skipping this ancestor's validation
2026-08-23 16:38:23,212 [WARNING] pipeline.elastic_client: Could not resolve timestamp for ancestor e97efb58-53c4-5376-a44b-578f3d4df570 in index endgame-*,logs-endpoint.events.process-*,logs-system.security*,logs-windows.forwarded*,logs-windows.sysmon_operational-*,winlogbeat-*, skipping this ancestor's validation
2026-08-23 16:38:23,212 [WARNING] pipeline.elastic_client: Could not resolve timestamp for ancestor e97efb58-53c4-5376-a44b-578f3d4df570 in index endgame-*,logs-endpoint.events.process-*,logs-system.security*,logs-windows.forwarded*,logs-windows.sysmon_operational-*,winlogbeat-*, skipping this ancestor's validation
2026-08-23 16:38:23,212 [WARNING] pipeline.elastic_client: Could not resolve timestamp for ancestor e97efb58-53c4-5376-a44b-578f3d4df570 in index endgame-*,logs-endpoint.events.process-*,logs-system.security*,logs-windows.forwarded*,logs-windows.sysmon_operational-*,winlogbeat-*, skipping this ancestor's validation
2026-08-23 16:38:23,212 [WARNING] pipeline.elastic_client: Could not resolve timestamp for ancestor e97efb58-53c4-5376-a44b-578f3d4df570 in index endgame-*,logs-endpoint.events.process-*,logs-system.security*,logs-windows.forwarded*,logs-windows.sysmon_operational-*,winlogbeat-*, skipping this ancestor's validation
2026-08-23 16:38:23,212 [WARNING] pipeline.elastic_client: Could not resolve timestamp for ancestor e97efb58-53c4-5376-a44b-578f3d4df570 in index endgame-*,logs-endpoint.events.process-*,logs-system.security*,logs-windows.forwarded*,logs-windows.sysmon_operational-*,winlogbeat-*, skipping this ancestor's validation
2026-08-23 16:38:23,212 [WARNING] pipeline.elastic_client: Could not resolve timestamp for ancestor e97efb58-53c4-5376-a44b-578f3d4df570 in index endgame-*,logs-endpoint.events.process-*,logs-system.security*,logs-windows.forwarded*,logs-windows.sysmon_operational-*,winlogbeat-*, skipping this ancestor's validation
2026-08-23 16:38:23,212 [WARNING] pipeline.elastic_client: Could not resolve timestamp for ancestor e97efb58-53c4-5376-a44b-578f3d4df570 in index endgame-*,logs-endpoint.events.process-*,logs-system.security*,logs-windows.forwarded*,logs-windows.sysmon_operational-*,winlogbeat-*, skipping this ancestor's validation
2026-08-23 16:38:23,213 [WARNING] pipeline.elastic_client: Could not resolve timestamp for ancestor e97efb58-53c4-5376-a44b-578f3d4df570 in index endgame-*,logs-endpoint.events.process-*,logs-system.security*,logs-windows.forwarded*,logs-windows.sysmon_operational-*,winlogbeat-*, skipping this ancestor's validation
2026-08-23 16:38:23,213 [WARNING] pipeline.elastic_client: Could not resolve timestamp for ancestor e97efb58-53c4-5376-a44b-578f3d4df570 in index endgame-*,logs-endpoint.events.process-*,logs-system.security*,logs-windows.forwarded*,logs-windows.sysmon_operational-*,winlogbeat-*, skipping this ancestor's validation
2026-08-23 16:38:23,213 [WARNING] pipeline.elastic_client: Could not resolve timestamp for ancestor e97efb58-53c4-5376-a44b-578f3d4df570 in index endgame-*,logs-endpoint.events.process-*,logs-system.security*,logs-windows.forwarded*,logs-windows.sysmon_operational-*,winlogbeat-*, skipping this ancestor's validation
2026-08-23 16:38:23,213 [WARNING] pipeline.elastic_client: Could not resolve timestamp for ancestor e97efb58-53c4-5376-a44b-578f3d4df570 in index endgame-*,logs-endpoint.events.process-*,logs-system.security*,logs-windows.forwarded*,logs-windows.sysmon_operational-*,winlogbeat-*, skipping this ancestor's validation
2026-08-23 16:38:23,213 [WARNING] pipeline.elastic_client: Could not resolve timestamp for ancestor e97efb58-53c4-5376-a44b-578f3d4df570 in index endgame-*,logs-endpoint.events.process-*,logs-system.security*,logs-windows.forwarded*,logs-windows.sysmon_operational-*,winlogbeat-*, skipping this ancestor's validation
2026-08-23 16:38:23,213 [WARNING] pipeline.elastic_client: Could not resolve timestamp for ancestor e97efb58-53c4-5376-a44b-578f3d4df570 in index endgame-*,logs-endpoint.events.process-*,logs-system.security*,logs-windows.forwarded*,logs-windows.sysmon_operational-*,winlogbeat-*, skipping this ancestor's validation
2026-08-23 16:38:23,213 [WARNING] pipeline.elastic_client: Could not resolve timestamp for ancestor e97efb58-53c4-5376-a44b-578f3d4df570 in index endgame-*,logs-endpoint.events.process-*,logs-system.security*,logs-windows.forwarded*,logs-windows.sysmon_operational-*,winlogbeat-*, skipping this ancestor's validation
2026-08-23 16:38:23,213 [WARNING] pipeline.elastic_client: Could not resolve timestamp for ancestor e97efb58-53c4-5376-a44b-578f3d4df570 in index endgame-*,logs-endpoint.events.process-*,logs-system.security*,logs-windows.forwarded*,logs-windows.sysmon_operational-*,winlogbeat-*, skipping this ancestor's validation
2026-08-23 16:38:23,213 [WARNING] pipeline.elastic_client: Could not resolve timestamp for ancestor e97efb58-53c4-5376-a44b-578f3d4df570 in index endgame-*,logs-endpoint.events.process-*,logs-system.security*,logs-windows.forwarded*,logs-windows.sysmon_operational-*,winlogbeat-*, skipping this ancestor's validation
2026-08-23 16:38:23,213 [WARNING] pipeline.elastic_client: Could not resolve timestamp for ancestor e97efb58-53c4-5376-a44b-578f3d4df570 in index endgame-*,logs-endpoint.events.process-*,logs-system.security*,logs-windows.forwarded*,logs-windows.sysmon_operational-*,winlogbeat-*, skipping this ancestor's validation
2026-08-23 16:38:23,213 [WARNING] pipeline.elastic_client: Could not resolve timestamp for ancestor e97efb58-53c4-5376-a44b-578f3d4df570 in index endgame-*,logs-endpoint.events.process-*,logs-system.security*,logs-windows.forwarded*,logs-windows.sysmon_operational-*,winlogbeat-*, skipping this ancestor's validation
2026-08-23 16:38:23,213 [WARNING] pipeline.elastic_client: Could not resolve timestamp for ancestor e97efb58-53c4-5376-a44b-578f3d4df570 in index endgame-*,logs-endpoint.events.process-*,logs-system.security*,logs-windows.forwarded*,logs-windows.sysmon_operational-*,winlogbeat-*, skipping this ancestor's validation
2026-08-23 16:38:23,213 [WARNING] pipeline.elastic_client: Could not resolve timestamp for ancestor e97efb58-53c4-5376-a44b-578f3d4df570 in index endgame-*,logs-endpoint.events.process-*,logs-system.security*,logs-windows.forwarded*,logs-windows.sysmon_operational-*,winlogbeat-*, skipping this ancestor's validation
2026-08-23 16:38:23,214 [WARNING] pipeline.elastic_client: Could not resolve timestamp for ancestor e97efb58-53c4-5376-a44b-578f3d4df570 in index endgame-*,logs-endpoint.events.process-*,logs-system.security*,logs-windows.forwarded*,logs-windows.sysmon_operational-*,winlogbeat-*, skipping this ancestor's validation
2026-08-23 16:38:23,214 [WARNING] pipeline.elastic_client: Could not resolve timestamp for ancestor e97efb58-53c4-5376-a44b-578f3d4df570 in index endgame-*,logs-endpoint.events.process-*,logs-system.security*,logs-windows.forwarded*,logs-windows.sysmon_operational-*,winlogbeat-*, skipping this ancestor's validation
2026-08-23 16:38:23,214 [WARNING] pipeline.elastic_client: Could not resolve timestamp for ancestor e97efb58-53c4-5376-a44b-578f3d4df570 in index endgame-*,logs-endpoint.events.process-*,logs-system.security*,logs-windows.forwarded*,logs-windows.sysmon_operational-*,winlogbeat-*, skipping this ancestor's validation
2026-08-23 16:38:23,214 [WARNING] pipeline.elastic_client: Could not resolve timestamp for ancestor e97efb58-53c4-5376-a44b-578f3d4df570 in index endgame-*,logs-endpoint.events.process-*,logs-system.security*,logs-windows.forwarded*,logs-windows.sysmon_operational-*,winlogbeat-*, skipping this ancestor's validation
2026-08-23 16:38:23,214 [WARNING] pipeline.elastic_client: Could not resolve timestamp for ancestor e97efb58-53c4-5376-a44b-578f3d4df570 in index endgame-*,logs-endpoint.events.process-*,logs-system.security*,logs-windows.forwarded*,logs-windows.sysmon_operational-*,winlogbeat-*, skipping this ancestor's validation
2026-08-23 16:38:23,214 [WARNING] pipeline.elastic_client: Could not resolve timestamp for ancestor e97efb58-53c4-5376-a44b-578f3d4df570 in index endgame-*,logs-endpoint.events.process-*,logs-system.security*,logs-windows.forwarded*,logs-windows.sysmon_operational-*,winlogbeat-*, skipping this ancestor's validation
2026-08-23 16:38:23,214 [WARNING] pipeline.elastic_client: Could not resolve timestamp for ancestor e97efb58-53c4-5376-a44b-578f3d4df570 in index endgame-*,logs-endpoint.events.process-*,logs-system.security*,logs-windows.forwarded*,logs-windows.sysmon_operational-*,winlogbeat-*, skipping this ancestor's validation
2026-08-23 16:38:23,214 [WARNING] pipeline.elastic_client: Could not resolve timestamp for ancestor e97efb58-53c4-5376-a44b-578f3d4df570 in index endgame-*,logs-endpoint.events.process-*,logs-system.security*,logs-windows.forwarded*,logs-windows.sysmon_operational-*,winlogbeat-*, skipping this ancestor's validation
2026-08-23 16:38:23,214 [WARNING] pipeline.elastic_client: Could not resolve timestamp for ancestor e97efb58-53c4-5376-a44b-578f3d4df570 in index endgame-*,logs-endpoint.events.process-*,logs-system.security*,logs-windows.forwarded*,logs-windows.sysmon_operational-*,winlogbeat-*, skipping this ancestor's validation
2026-08-23 16:38:23,214 [WARNING] pipeline.elastic_client: Could not resolve timestamp for ancestor e97efb58-53c4-5376-a44b-578f3d4df570 in index endgame-*,logs-endpoint.events.process-*,logs-system.security*,logs-windows.forwarded*,logs-windows.sysmon_operational-*,winlogbeat-*, skipping this ancestor's validation
2026-08-23 16:38:23,214 [WARNING] pipeline.elastic_client: Could not resolve timestamp for ancestor e97efb58-53c4-5376-a44b-578f3d4df570 in index endgame-*,logs-endpoint.events.process-*,logs-system.security*,logs-windows.forwarded*,logs-windows.sysmon_operational-*,winlogbeat-*, skipping this ancestor's validation
2026-08-23 16:38:23,214 [WARNING] pipeline.elastic_client: Could not resolve timestamp for ancestor e97efb58-53c4-5376-a44b-578f3d4df570 in index endgame-*,logs-endpoint.events.process-*,logs-system.security*,logs-windows.forwarded*,logs-windows.sysmon_operational-*,winlogbeat-*, skipping this ancestor's validation
2026-08-23 16:38:23,214 [WARNING] pipeline.elastic_client: Could not resolve timestamp for ancestor e97efb58-53c4-5376-a44b-578f3d4df570 in index endgame-*,logs-endpoint.events.process-*,logs-system.security*,logs-windows.forwarded*,logs-windows.sysmon_operational-*,winlogbeat-*, skipping this ancestor's validation
2026-08-23 16:38:23,214 [WARNING] pipeline.elastic_client: Could not resolve timestamp for ancestor e97efb58-53c4-5376-a44b-578f3d4df570 in index endgame-*,logs-endpoint.events.process-*,logs-system.security*,logs-windows.forwarded*,logs-windows.sysmon_operational-*,winlogbeat-*, skipping this ancestor's validation
2026-08-23 16:38:23,215 [WARNING] pipeline.elastic_client: Could not resolve timestamp for ancestor e97efb58-53c4-5376-a44b-578f3d4df570 in index endgame-*,logs-endpoint.events.process-*,logs-system.security*,logs-windows.forwarded*,logs-windows.sysmon_operational-*,winlogbeat-*, skipping this ancestor's validation
2026-08-23 16:38:23,215 [WARNING] pipeline.elastic_client: Could not resolve timestamp for ancestor e97efb58-53c4-5376-a44b-578f3d4df570 in index endgame-*,logs-endpoint.events.process-*,logs-system.security*,logs-windows.forwarded*,logs-windows.sysmon_operational-*,winlogbeat-*, skipping this ancestor's validation
2026-08-23 16:38:23,215 [WARNING] pipeline.elastic_client: Could not resolve timestamp for ancestor e97efb58-53c4-5376-a44b-578f3d4df570 in index endgame-*,logs-endpoint.events.process-*,logs-system.security*,logs-windows.forwarded*,logs-windows.sysmon_operational-*,winlogbeat-*, skipping this ancestor's validation
2026-08-23 16:38:23,215 [WARNING] pipeline.elastic_client: Could not resolve timestamp for ancestor e97efb58-53c4-5376-a44b-578f3d4df570 in index endgame-*,logs-endpoint.events.process-*,logs-system.security*,logs-windows.forwarded*,logs-windows.sysmon_operational-*,winlogbeat-*, skipping this ancestor's validation
2026-08-23 16:38:23,215 [WARNING] pipeline.elastic_client: Could not resolve timestamp for ancestor e97efb58-53c4-5376-a44b-578f3d4df570 in index endgame-*,logs-endpoint.events.process-*,logs-system.security*,logs-windows.forwarded*,logs-windows.sysmon_operational-*,winlogbeat-*, skipping this ancestor's validation
2026-08-23 16:38:23,215 [WARNING] pipeline.elastic_client: Could not resolve timestamp for ancestor e97efb58-53c4-5376-a44b-578f3d4df570 in index endgame-*,logs-endpoint.events.process-*,logs-system.security*,logs-windows.forwarded*,logs-windows.sysmon_operational-*,winlogbeat-*, skipping this ancestor's validation
2026-08-23 16:38:23,215 [WARNING] pipeline.elastic_client: Could not resolve timestamp for ancestor e97efb58-53c4-5376-a44b-578f3d4df570 in index endgame-*,logs-endpoint.events.process-*,logs-system.security*,logs-windows.forwarded*,logs-windows.sysmon_operational-*,winlogbeat-*, skipping this ancestor's validation
2026-08-23 16:38:23,215 [WARNING] pipeline.elastic_client: Could not resolve timestamp for ancestor e97efb58-53c4-5376-a44b-578f3d4df570 in index endgame-*,logs-endpoint.events.process-*,logs-system.security*,logs-windows.forwarded*,logs-windows.sysmon_operational-*,winlogbeat-*, skipping this ancestor's validation
2026-08-23 16:38:23,215 [WARNING] pipeline.elastic_client: Could not resolve timestamp for ancestor e97efb58-53c4-5376-a44b-578f3d4df570 in index endgame-*,logs-endpoint.events.process-*,logs-system.security*,logs-windows.forwarded*,logs-windows.sysmon_operational-*,winlogbeat-*, skipping this ancestor's validation
2026-08-23 16:38:23,215 [WARNING] pipeline.elastic_client: Could not resolve timestamp for ancestor e97efb58-53c4-5376-a44b-578f3d4df570 in index endgame-*,logs-endpoint.events.process-*,logs-system.security*,logs-windows.forwarded*,logs-windows.sysmon_operational-*,winlogbeat-*, skipping this ancestor's validation
2026-08-23 16:38:23,215 [WARNING] pipeline.elastic_client: Could not resolve timestamp for ancestor e97efb58-53c4-5376-a44b-578f3d4df570 in index endgame-*,logs-endpoint.events.process-*,logs-system.security*,logs-windows.forwarded*,logs-windows.sysmon_operational-*,winlogbeat-*, skipping this ancestor's validation
2026-08-23 16:38:23,215 [WARNING] pipeline.elastic_client: Could not resolve timestamp for ancestor e97efb58-53c4-5376-a44b-578f3d4df570 in index endgame-*,logs-endpoint.events.process-*,logs-system.security*,logs-windows.forwarded*,logs-windows.sysmon_operational-*,winlogbeat-*, skipping this ancestor's validation
2026-08-23 16:38:23,215 [WARNING] pipeline.elastic_client: Could not resolve timestamp for ancestor e97efb58-53c4-5376-a44b-578f3d4df570 in index endgame-*,logs-endpoint.events.process-*,logs-system.security*,logs-windows.forwarded*,logs-windows.sysmon_operational-*,winlogbeat-*, skipping this ancestor's validation
2026-08-23 16:38:23,216 [WARNING] pipeline.elastic_client: Could not resolve timestamp for ancestor e97efb58-53c4-5376-a44b-578f3d4df570 in index endgame-*,logs-endpoint.events.process-*,logs-system.security*,logs-windows.forwarded*,logs-windows.sysmon_operational-*,winlogbeat-*, skipping this ancestor's validation
2026-08-23 16:38:23,216 [WARNING] pipeline.elastic_client: Could not resolve timestamp for ancestor e97efb58-53c4-5376-a44b-578f3d4df570 in index endgame-*,logs-endpoint.events.process-*,logs-system.security*,logs-windows.forwarded*,logs-windows.sysmon_operational-*,winlogbeat-*, skipping this ancestor's validation
2026-08-23 16:38:23,216 [WARNING] pipeline.elastic_client: Could not resolve timestamp for ancestor e97efb58-53c4-5376-a44b-578f3d4df570 in index endgame-*,logs-endpoint.events.process-*,logs-system.security*,logs-windows.forwarded*,logs-windows.sysmon_operational-*,winlogbeat-*, skipping this ancestor's validation
2026-08-23 16:38:23,216 [WARNING] pipeline.elastic_client: Could not resolve timestamp for ancestor e97efb58-53c4-5376-a44b-578f3d4df570 in index endgame-*,logs-endpoint.events.process-*,logs-system.security*,logs-windows.forwarded*,logs-windows.sysmon_operational-*,winlogbeat-*, skipping this ancestor's validation
2026-08-23 16:38:23,216 [WARNING] pipeline.elastic_client: Could not resolve timestamp for ancestor e97efb58-53c4-5376-a44b-578f3d4df570 in index endgame-*,logs-endpoint.events.process-*,logs-system.security*,logs-windows.forwarded*,logs-windows.sysmon_operational-*,winlogbeat-*, skipping this ancestor's validation
2026-08-23 16:38:23,216 [WARNING] pipeline.elastic_client: Could not resolve timestamp for ancestor e97efb58-53c4-5376-a44b-578f3d4df570 in index endgame-*,logs-endpoint.events.process-*,logs-system.security*,logs-windows.forwarded*,logs-windows.sysmon_operational-*,winlogbeat-*, skipping this ancestor's validation
2026-08-23 16:38:23,216 [WARNING] pipeline.elastic_client: Could not resolve timestamp for ancestor e97efb58-53c4-5376-a44b-578f3d4df570 in index endgame-*,logs-endpoint.events.process-*,logs-system.security*,logs-windows.forwarded*,logs-windows.sysmon_operational-*,winlogbeat-*, skipping this ancestor's validation
2026-08-23 16:38:23,216 [WARNING] pipeline.elastic_client: Could not resolve timestamp for ancestor e97efb58-53c4-5376-a44b-578f3d4df570 in index endgame-*,logs-endpoint.events.process-*,logs-system.security*,logs-windows.forwarded*,logs-windows.sysmon_operational-*,winlogbeat-*, skipping this ancestor's validation
2026-08-23 16:38:23,216 [WARNING] pipeline.elastic_client: Could not resolve timestamp for ancestor e97efb58-53c4-5376-a44b-578f3d4df570 in index endgame-*,logs-endpoint.events.process-*,logs-system.security*,logs-windows.forwarded*,logs-windows.sysmon_operational-*,winlogbeat-*, skipping this ancestor's validation
2026-08-23 16:38:23,216 [WARNING] pipeline.elastic_client: Could not resolve timestamp for ancestor e97efb58-53c4-5376-a44b-578f3d4df570 in index endgame-*,logs-endpoint.events.process-*,logs-system.security*,logs-windows.forwarded*,logs-windows.sysmon_operational-*,winlogbeat-*, skipping this ancestor's validation
2026-08-23 16:38:23,216 [WARNING] pipeline.elastic_client: Could not resolve timestamp for ancestor e97efb58-53c4-5376-a44b-578f3d4df570 in index endgame-*,logs-endpoint.events.process-*,logs-system.security*,logs-windows.forwarded*,logs-windows.sysmon_operational-*,winlogbeat-*, skipping this ancestor's validation
2026-08-23 16:38:23,216 [WARNING] pipeline.elastic_client: Could not resolve timestamp for ancestor e97efb58-53c4-5376-a44b-578f3d4df570 in index endgame-*,logs-endpoint.events.process-*,logs-system.security*,logs-windows.forwarded*,logs-windows.sysmon_operational-*,winlogbeat-*, skipping this ancestor's validation
2026-08-23 16:38:23,216 [WARNING] pipeline.elastic_client: Could not resolve timestamp for ancestor e97efb58-53c4-5376-a44b-578f3d4df570 in index endgame-*,logs-endpoint.events.process-*,logs-system.security*,logs-windows.forwarded*,logs-windows.sysmon_operational-*,winlogbeat-*, skipping this ancestor's validation
2026-08-23 16:38:23,216 [WARNING] pipeline.elastic_client: Could not resolve timestamp for ancestor e97efb58-53c4-5376-a44b-578f3d4df570 in index endgame-*,logs-endpoint.events.process-*,logs-system.security*,logs-windows.forwarded*,logs-windows.sysmon_operational-*,winlogbeat-*, skipping this ancestor's validation
2026-08-23 16:38:23,217 [WARNING] pipeline.elastic_client: Could not resolve timestamp for ancestor e97efb58-53c4-5376-a44b-578f3d4df570 in index endgame-*,logs-endpoint.events.process-*,logs-system.security*,logs-windows.forwarded*,logs-windows.sysmon_operational-*,winlogbeat-*, skipping this ancestor's validation
2026-08-23 16:38:23,217 [WARNING] pipeline.elastic_client: Could not resolve timestamp for ancestor e97efb58-53c4-5376-a44b-578f3d4df570 in index endgame-*,logs-endpoint.events.process-*,logs-system.security*,logs-windows.forwarded*,logs-windows.sysmon_operational-*,winlogbeat-*, skipping this ancestor's validation
2026-08-23 16:38:23,217 [WARNING] pipeline.elastic_client: Could not resolve timestamp for ancestor e97efb58-53c4-5376-a44b-578f3d4df570 in index endgame-*,logs-endpoint.events.process-*,logs-system.security*,logs-windows.forwarded*,logs-windows.sysmon_operational-*,winlogbeat-*, skipping this ancestor's validation
2026-08-23 16:38:23,217 [WARNING] pipeline.elastic_client: Could not resolve timestamp for ancestor e97efb58-53c4-5376-a44b-578f3d4df570 in index endgame-*,logs-endpoint.events.process-*,logs-system.security*,logs-windows.forwarded*,logs-windows.sysmon_operational-*,winlogbeat-*, skipping this ancestor's validation
2026-08-23 16:38:23,217 [WARNING] pipeline.elastic_client: Could not resolve timestamp for ancestor e97efb58-53c4-5376-a44b-578f3d4df570 in index endgame-*,logs-endpoint.events.process-*,logs-system.security*,logs-windows.forwarded*,logs-windows.sysmon_operational-*,winlogbeat-*, skipping this ancestor's validation
2026-08-23 16:38:23,217 [WARNING] pipeline.elastic_client: Could not resolve timestamp for ancestor e97efb58-53c4-5376-a44b-578f3d4df570 in index endgame-*,logs-endpoint.events.process-*,logs-system.security*,logs-windows.forwarded*,logs-windows.sysmon_operational-*,winlogbeat-*, skipping this ancestor's validation
2026-08-23 16:38:23,217 [WARNING] pipeline.elastic_client: Could not resolve timestamp for ancestor e97efb58-53c4-5376-a44b-578f3d4df570 in index endgame-*,logs-endpoint.events.process-*,logs-system.security*,logs-windows.forwarded*,logs-windows.sysmon_operational-*,winlogbeat-*, skipping this ancestor's validation
2026-08-23 16:38:23,217 [WARNING] pipeline.elastic_client: Could not resolve timestamp for ancestor e97efb58-53c4-5376-a44b-578f3d4df570 in index endgame-*,logs-endpoint.events.process-*,logs-system.security*,logs-windows.forwarded*,logs-windows.sysmon_operational-*,winlogbeat-*, skipping this ancestor's validation
2026-08-23 16:38:23,217 [WARNING] pipeline.elastic_client: Could not resolve timestamp for ancestor e97efb58-53c4-5376-a44b-578f3d4df570 in index endgame-*,logs-endpoint.events.process-*,logs-system.security*,logs-windows.forwarded*,logs-windows.sysmon_operational-*,winlogbeat-*, skipping this ancestor's validation
2026-08-23 16:38:23,217 [WARNING] pipeline.elastic_client: Could not resolve timestamp for ancestor e97efb58-53c4-5376-a44b-578f3d4df570 in index endgame-*,logs-endpoint.events.process-*,logs-system.security*,logs-windows.forwarded*,logs-windows.sysmon_operational-*,winlogbeat-*, skipping this ancestor's validation
2026-08-23 16:38:23,217 [WARNING] pipeline.elastic_client: Could not resolve timestamp for ancestor e97efb58-53c4-5376-a44b-578f3d4df570 in index endgame-*,logs-endpoint.events.process-*,logs-system.security*,logs-windows.forwarded*,logs-windows.sysmon_operational-*,winlogbeat-*, skipping this ancestor's validation
2026-08-23 16:38:23,217 [WARNING] pipeline.elastic_client: Could not resolve timestamp for ancestor e97efb58-53c4-5376-a44b-578f3d4df570 in index endgame-*,logs-endpoint.events.process-*,logs-system.security*,logs-windows.forwarded*,logs-windows.sysmon_operational-*,winlogbeat-*, skipping this ancestor's validation
2026-08-23 16:38:23,217 [WARNING] pipeline.elastic_client: Could not resolve timestamp for ancestor e97efb58-53c4-5376-a44b-578f3d4df570 in index endgame-*,logs-endpoint.events.process-*,logs-system.security*,logs-windows.forwarded*,logs-windows.sysmon_operational-*,winlogbeat-*, skipping this ancestor's validation
2026-08-23 16:38:23,218 [WARNING] pipeline.elastic_client: Could not resolve timestamp for ancestor e97efb58-53c4-5376-a44b-578f3d4df570 in index endgame-*,logs-endpoint.events.process-*,logs-system.security*,logs-windows.forwarded*,logs-windows.sysmon_operational-*,winlogbeat-*, skipping this ancestor's validation
2026-08-23 16:38:23,218 [WARNING] pipeline.elastic_client: Could not resolve timestamp for ancestor e97efb58-53c4-5376-a44b-578f3d4df570 in index endgame-*,logs-endpoint.events.process-*,logs-system.security*,logs-windows.forwarded*,logs-windows.sysmon_operational-*,winlogbeat-*, skipping this ancestor's validation
2026-08-23 16:38:23,218 [WARNING] pipeline.elastic_client: Could not resolve timestamp for ancestor e97efb58-53c4-5376-a44b-578f3d4df570 in index endgame-*,logs-endpoint.events.process-*,logs-system.security*,logs-windows.forwarded*,logs-windows.sysmon_operational-*,winlogbeat-*, skipping this ancestor's validation
2026-08-23 16:38:23,218 [WARNING] pipeline.elastic_client: Could not resolve timestamp for ancestor e97efb58-53c4-5376-a44b-578f3d4df570 in index endgame-*,logs-endpoint.events.process-*,logs-system.security*,logs-windows.forwarded*,logs-windows.sysmon_operational-*,winlogbeat-*, skipping this ancestor's validation
2026-08-23 16:38:23,218 [WARNING] pipeline.elastic_client: Could not resolve timestamp for ancestor e97efb58-53c4-5376-a44b-578f3d4df570 in index endgame-*,logs-endpoint.events.process-*,logs-system.security*,logs-windows.forwarded*,logs-windows.sysmon_operational-*,winlogbeat-*, skipping this ancestor's validation
2026-08-23 16:38:23,218 [WARNING] pipeline.elastic_client: Could not resolve timestamp for ancestor e97efb58-53c4-5376-a44b-578f3d4df570 in index endgame-*,logs-endpoint.events.process-*,logs-system.security*,logs-windows.forwarded*,logs-windows.sysmon_operational-*,winlogbeat-*, skipping this ancestor's validation
2026-08-23 16:38:23,218 [WARNING] pipeline.elastic_client: Could not resolve timestamp for ancestor e97efb58-53c4-5376-a44b-578f3d4df570 in index endgame-*,logs-endpoint.events.process-*,logs-system.security*,logs-windows.forwarded*,logs-windows.sysmon_operational-*,winlogbeat-*, skipping this ancestor's validation
2026-08-23 16:38:23,218 [WARNING] pipeline.elastic_client: Could not resolve timestamp for ancestor e97efb58-53c4-5376-a44b-578f3d4df570 in index endgame-*,logs-endpoint.events.process-*,logs-system.security*,logs-windows.forwarded*,logs-windows.sysmon_operational-*,winlogbeat-*, skipping this ancestor's validation
2026-08-23 16:38:23,218 [WARNING] pipeline.elastic_client: Could not resolve timestamp for ancestor e97efb58-53c4-5376-a44b-578f3d4df570 in index endgame-*,logs-endpoint.events.process-*,logs-system.security*,logs-windows.forwarded*,logs-windows.sysmon_operational-*,winlogbeat-*, skipping this ancestor's validation
2026-08-23 16:38:23,218 [WARNING] pipeline.elastic_client: Could not resolve timestamp for ancestor e97efb58-53c4-5376-a44b-578f3d4df570 in index endgame-*,logs-endpoint.events.process-*,logs-system.security*,logs-windows.forwarded*,logs-windows.sysmon_operational-*,winlogbeat-*, skipping this ancestor's validation
2026-08-23 16:38:23,218 [WARNING] pipeline.elastic_client: Could not resolve timestamp for ancestor e97efb58-53c4-5376-a44b-578f3d4df570 in index endgame-*,logs-endpoint.events.process-*,logs-system.security*,logs-windows.forwarded*,logs-windows.sysmon_operational-*,winlogbeat-*, skipping this ancestor's validation
2026-08-23 16:38:23,218 [WARNING] pipeline.elastic_client: Could not resolve timestamp for ancestor e97efb58-53c4-5376-a44b-578f3d4df570 in index endgame-*,logs-endpoint.events.process-*,logs-system.security*,logs-windows.forwarded*,logs-windows.sysmon_operational-*,winlogbeat-*, skipping this ancestor's validation
2026-08-23 16:38:23,218 [WARNING] pipeline.elastic_client: Could not resolve timestamp for ancestor e97efb58-53c4-5376-a44b-578f3d4df570 in index endgame-*,logs-endpoint.events.process-*,logs-system.security*,logs-windows.forwarded*,logs-windows.sysmon_operational-*,winlogbeat-*, skipping this ancestor's validation
2026-08-23 16:38:23,219 [WARNING] pipeline.elastic_client: Could not resolve timestamp for ancestor e97efb58-53c4-5376-a44b-578f3d4df570 in index endgame-*,logs-endpoint.events.process-*,logs-system.security*,logs-windows.forwarded*,logs-windows.sysmon_operational-*,winlogbeat-*, skipping this ancestor's validation
2026-08-23 16:38:23,219 [WARNING] pipeline.elastic_client: Could not resolve timestamp for ancestor e97efb58-53c4-5376-a44b-578f3d4df570 in index endgame-*,logs-endpoint.events.process-*,logs-system.security*,logs-windows.forwarded*,logs-windows.sysmon_operational-*,winlogbeat-*, skipping this ancestor's validation
2026-08-23 16:38:23,219 [WARNING] pipeline.elastic_client: Could not resolve timestamp for ancestor e97efb58-53c4-5376-a44b-578f3d4df570 in index endgame-*,logs-endpoint.events.process-*,logs-system.security*,logs-windows.forwarded*,logs-windows.sysmon_operational-*,winlogbeat-*, skipping this ancestor's validation
2026-08-23 16:38:23,219 [WARNING] pipeline.elastic_client: Could not resolve timestamp for ancestor e97efb58-53c4-5376-a44b-578f3d4df570 in index endgame-*,logs-endpoint.events.process-*,logs-system.security*,logs-windows.forwarded*,logs-windows.sysmon_operational-*,winlogbeat-*, skipping this ancestor's validation
2026-08-23 16:38:23,219 [WARNING] pipeline.elastic_client: Could not resolve timestamp for ancestor e97efb58-53c4-5376-a44b-578f3d4df570 in index endgame-*,logs-endpoint.events.process-*,logs-system.security*,logs-windows.forwarded*,logs-windows.sysmon_operational-*,winlogbeat-*, skipping this ancestor's validation
2026-08-23 16:38:23,219 [WARNING] pipeline.elastic_client: Could not resolve timestamp for ancestor e97efb58-53c4-5376-a44b-578f3d4df570 in index endgame-*,logs-endpoint.events.process-*,logs-system.security*,logs-windows.forwarded*,logs-windows.sysmon_operational-*,winlogbeat-*, skipping this ancestor's validation
2026-08-23 16:38:23,219 [WARNING] pipeline.elastic_client: Could not resolve timestamp for ancestor e97efb58-53c4-5376-a44b-578f3d4df570 in index endgame-*,logs-endpoint.events.process-*,logs-system.security*,logs-windows.forwarded*,logs-windows.sysmon_operational-*,winlogbeat-*, skipping this ancestor's validation
2026-08-23 16:38:23,219 [WARNING] pipeline.elastic_client: Could not resolve timestamp for ancestor e97efb58-53c4-5376-a44b-578f3d4df570 in index endgame-*,logs-endpoint.events.process-*,logs-system.security*,logs-windows.forwarded*,logs-windows.sysmon_operational-*,winlogbeat-*, skipping this ancestor's validation
2026-08-23 16:38:23,219 [WARNING] pipeline.elastic_client: Could not resolve timestamp for ancestor e97efb58-53c4-5376-a44b-578f3d4df570 in index endgame-*,logs-endpoint.events.process-*,logs-system.security*,logs-windows.forwarded*,logs-windows.sysmon_operational-*,winlogbeat-*, skipping this ancestor's validation
2026-08-23 16:38:23,219 [WARNING] pipeline.elastic_client: Could not resolve timestamp for ancestor e97efb58-53c4-5376-a44b-578f3d4df570 in index endgame-*,logs-endpoint.events.process-*,logs-system.security*,logs-windows.forwarded*,logs-windows.sysmon_operational-*,winlogbeat-*, skipping this ancestor's validation
2026-08-23 16:38:23,219 [WARNING] pipeline.elastic_client: Could not resolve timestamp for ancestor e97efb58-53c4-5376-a44b-578f3d4df570 in index endgame-*,logs-endpoint.events.process-*,logs-system.security*,logs-windows.forwarded*,logs-windows.sysmon_operational-*,winlogbeat-*, skipping this ancestor's validation
2026-08-23 16:38:23,219 [WARNING] pipeline.elastic_client: Could not resolve timestamp for ancestor e97efb58-53c4-5376-a44b-578f3d4df570 in index endgame-*,logs-endpoint.events.process-*,logs-system.security*,logs-windows.forwarded*,logs-windows.sysmon_operational-*,winlogbeat-*, skipping this ancestor's validation
2026-08-23 16:38:23,219 [WARNING] pipeline.elastic_client: Could not resolve timestamp for ancestor e97efb58-53c4-5376-a44b-578f3d4df570 in index endgame-*,logs-endpoint.events.process-*,logs-system.security*,logs-windows.forwarded*,logs-windows.sysmon_operational-*,winlogbeat-*, skipping this ancestor's validation
2026-08-23 16:38:23,220 [WARNING] pipeline.elastic_client: Could not resolve timestamp for ancestor e97efb58-53c4-5376-a44b-578f3d4df570 in index endgame-*,logs-endpoint.events.process-*,logs-system.security*,logs-windows.forwarded*,logs-windows.sysmon_operational-*,winlogbeat-*, skipping this ancestor's validation
2026-08-23 16:38:23,220 [WARNING] pipeline.elastic_client: Could not resolve timestamp for ancestor e97efb58-53c4-5376-a44b-578f3d4df570 in index endgame-*,logs-endpoint.events.process-*,logs-system.security*,logs-windows.forwarded*,logs-windows.sysmon_operational-*,winlogbeat-*, skipping this ancestor's validation
2026-08-23 16:38:23,220 [WARNING] pipeline.elastic_client: Could not resolve timestamp for ancestor e97efb58-53c4-5376-a44b-578f3d4df570 in index endgame-*,logs-endpoint.events.process-*,logs-system.security*,logs-windows.forwarded*,logs-windows.sysmon_operational-*,winlogbeat-*, skipping this ancestor's validation
2026-08-23 16:38:23,220 [WARNING] pipeline.elastic_client: Could not resolve timestamp for ancestor e97efb58-53c4-5376-a44b-578f3d4df570 in index endgame-*,logs-endpoint.events.process-*,logs-system.security*,logs-windows.forwarded*,logs-windows.sysmon_operational-*,winlogbeat-*, skipping this ancestor's validation
2026-08-23 16:38:23,220 [WARNING] pipeline.elastic_client: Could not resolve timestamp for ancestor e97efb58-53c4-5376-a44b-578f3d4df570 in index endgame-*,logs-endpoint.events.process-*,logs-system.security*,logs-windows.forwarded*,logs-windows.sysmon_operational-*,winlogbeat-*, skipping this ancestor's validation
2026-08-23 16:38:23,220 [WARNING] pipeline.elastic_client: Could not resolve timestamp for ancestor e97efb58-53c4-5376-a44b-578f3d4df570 in index endgame-*,logs-endpoint.events.process-*,logs-system.security*,logs-windows.forwarded*,logs-windows.sysmon_operational-*,winlogbeat-*, skipping this ancestor's validation
2026-08-23 16:38:23,220 [WARNING] pipeline.elastic_client: Could not resolve timestamp for ancestor e97efb58-53c4-5376-a44b-578f3d4df570 in index endgame-*,logs-endpoint.events.process-*,logs-system.security*,logs-windows.forwarded*,logs-windows.sysmon_operational-*,winlogbeat-*, skipping this ancestor's validation
2026-08-23 16:38:23,220 [WARNING] pipeline.elastic_client: Could not resolve timestamp for ancestor e97efb58-53c4-5376-a44b-578f3d4df570 in index endgame-*,logs-endpoint.events.process-*,logs-system.security*,logs-windows.forwarded*,logs-windows.sysmon_operational-*,winlogbeat-*, skipping this ancestor's validation
2026-08-23 16:38:23,220 [WARNING] pipeline.elastic_client: Could not resolve timestamp for ancestor e97efb58-53c4-5376-a44b-578f3d4df570 in index endgame-*,logs-endpoint.events.process-*,logs-system.security*,logs-windows.forwarded*,logs-windows.sysmon_operational-*,winlogbeat-*, skipping this ancestor's validation
2026-08-23 16:38:23,220 [WARNING] pipeline.elastic_client: Could not resolve timestamp for ancestor e97efb58-53c4-5376-a44b-578f3d4df570 in index endgame-*,logs-endpoint.events.process-*,logs-system.security*,logs-windows.forwarded*,logs-windows.sysmon_operational-*,winlogbeat-*, skipping this ancestor's validation
2026-08-23 16:38:23,220 [WARNING] pipeline.elastic_client: Could not resolve timestamp for ancestor e97efb58-53c4-5376-a44b-578f3d4df570 in index endgame-*,logs-endpoint.events.process-*,logs-system.security*,logs-windows.forwarded*,logs-windows.sysmon_operational-*,winlogbeat-*, skipping this ancestor's validation
2026-08-23 16:38:23,220 [WARNING] pipeline.elastic_client: Could not resolve timestamp for ancestor e97efb58-53c4-5376-a44b-578f3d4df570 in index endgame-*,logs-endpoint.events.process-*,logs-system.security*,logs-windows.forwarded*,logs-windows.sysmon_operational-*,winlogbeat-*, skipping this ancestor's validation
2026-08-23 16:38:23,220 [WARNING] pipeline.elastic_client: Could not resolve timestamp for ancestor e97efb58-53c4-5376-a44b-578f3d4df570 in index endgame-*,logs-endpoint.events.process-*,logs-system.security*,logs-windows.forwarded*,logs-windows.sysmon_operational-*,winlogbeat-*, skipping this ancestor's validation
2026-08-23 16:38:23,220 [WARNING] pipeline.elastic_client: Could not resolve timestamp for ancestor e97efb58-53c4-5376-a44b-578f3d4df570 in index endgame-*,logs-endpoint.events.process-*,logs-system.security*,logs-windows.forwarded*,logs-windows.sysmon_operational-*,winlogbeat-*, skipping this ancestor's validation
2026-08-23 16:38:23,221 [WARNING] pipeline.elastic_client: Could not resolve timestamp for ancestor e97efb58-53c4-5376-a44b-578f3d4df570 in index endgame-*,logs-endpoint.events.process-*,logs-system.security*,logs-windows.forwarded*,logs-windows.sysmon_operational-*,winlogbeat-*, skipping this ancestor's validation
2026-08-23 16:38:23,221 [WARNING] pipeline.elastic_client: Could not resolve timestamp for ancestor e97efb58-53c4-5376-a44b-578f3d4df570 in index endgame-*,logs-endpoint.events.process-*,logs-system.security*,logs-windows.forwarded*,logs-windows.sysmon_operational-*,winlogbeat-*, skipping this ancestor's validation
2026-08-23 16:38:23,221 [WARNING] pipeline.elastic_client: Could not resolve timestamp for ancestor e97efb58-53c4-5376-a44b-578f3d4df570 in index endgame-*,logs-endpoint.events.process-*,logs-system.security*,logs-windows.forwarded*,logs-windows.sysmon_operational-*,winlogbeat-*, skipping this ancestor's validation
2026-08-23 16:38:23,221 [WARNING] pipeline.elastic_client: Could not resolve timestamp for ancestor e97efb58-53c4-5376-a44b-578f3d4df570 in index endgame-*,logs-endpoint.events.process-*,logs-system.security*,logs-windows.forwarded*,logs-windows.sysmon_operational-*,winlogbeat-*, skipping this ancestor's validation
2026-08-23 16:38:23,221 [WARNING] pipeline.elastic_client: Could not resolve timestamp for ancestor e97efb58-53c4-5376-a44b-578f3d4df570 in index endgame-*,logs-endpoint.events.process-*,logs-system.security*,logs-windows.forwarded*,logs-windows.sysmon_operational-*,winlogbeat-*, skipping this ancestor's validation
2026-08-23 16:38:23,221 [WARNING] pipeline.elastic_client: Could not resolve timestamp for ancestor e97efb58-53c4-5376-a44b-578f3d4df570 in index endgame-*,logs-endpoint.events.process-*,logs-system.security*,logs-windows.forwarded*,logs-windows.sysmon_operational-*,winlogbeat-*, skipping this ancestor's validation
2026-08-23 16:38:23,221 [WARNING] pipeline.elastic_client: Could not resolve timestamp for ancestor e97efb58-53c4-5376-a44b-578f3d4df570 in index endgame-*,logs-endpoint.events.process-*,logs-system.security*,logs-windows.forwarded*,logs-windows.sysmon_operational-*,winlogbeat-*, skipping this ancestor's validation
2026-08-23 16:38:23,221 [WARNING] pipeline.elastic_client: Could not resolve timestamp for ancestor e97efb58-53c4-5376-a44b-578f3d4df570 in index endgame-*,logs-endpoint.events.process-*,logs-system.security*,logs-windows.forwarded*,logs-windows.sysmon_operational-*,winlogbeat-*, skipping this ancestor's validation
2026-08-23 16:38:23,221 [WARNING] pipeline.elastic_client: Could not resolve timestamp for ancestor e97efb58-53c4-5376-a44b-578f3d4df570 in index endgame-*,logs-endpoint.events.process-*,logs-system.security*,logs-windows.forwarded*,logs-windows.sysmon_operational-*,winlogbeat-*, skipping this ancestor's validation
2026-08-23 16:38:23,221 [WARNING] pipeline.elastic_client: Could not resolve timestamp for ancestor e97efb58-53c4-5376-a44b-578f3d4df570 in index endgame-*,logs-endpoint.events.process-*,logs-system.security*,logs-windows.forwarded*,logs-windows.sysmon_operational-*,winlogbeat-*, skipping this ancestor's validation
2026-08-23 16:38:23,221 [WARNING] pipeline.elastic_client: Could not resolve timestamp for ancestor e97efb58-53c4-5376-a44b-578f3d4df570 in index endgame-*,logs-endpoint.events.process-*,logs-system.security*,logs-windows.forwarded*,logs-windows.sysmon_operational-*,winlogbeat-*, skipping this ancestor's validation
2026-08-23 16:38:23,221 [WARNING] pipeline.elastic_client: Could not resolve timestamp for ancestor e97efb58-53c4-5376-a44b-578f3d4df570 in index endgame-*,logs-endpoint.events.process-*,logs-system.security*,logs-windows.forwarded*,logs-windows.sysmon_operational-*,winlogbeat-*, skipping this ancestor's validation
2026-08-23 16:38:23,221 [WARNING] pipeline.elastic_client: Could not resolve timestamp for ancestor e97efb58-53c4-5376-a44b-578f3d4df570 in index endgame-*,logs-endpoint.events.process-*,logs-system.security*,logs-windows.forwarded*,logs-windows.sysmon_operational-*,winlogbeat-*, skipping this ancestor's validation
2026-08-23 16:38:23,221 [WARNING] pipeline.elastic_client: Could not resolve timestamp for ancestor e97efb58-53c4-5376-a44b-578f3d4df570 in index endgame-*,logs-endpoint.events.process-*,logs-system.security*,logs-windows.forwarded*,logs-windows.sysmon_operational-*,winlogbeat-*, skipping this ancestor's validation
2026-08-23 16:38:23,222 [WARNING] pipeline.elastic_client: Could not resolve timestamp for ancestor e97efb58-53c4-5376-a44b-578f3d4df570 in index endgame-*,logs-endpoint.events.process-*,logs-system.security*,logs-windows.forwarded*,logs-windows.sysmon_operational-*,winlogbeat-*, skipping this ancestor's validation
2026-08-23 16:38:23,222 [WARNING] pipeline.elastic_client: Could not resolve timestamp for ancestor e97efb58-53c4-5376-a44b-578f3d4df570 in index endgame-*,logs-endpoint.events.process-*,logs-system.security*,logs-windows.forwarded*,logs-windows.sysmon_operational-*,winlogbeat-*, skipping this ancestor's validation
2026-08-23 16:38:23,222 [WARNING] pipeline.elastic_client: Could not resolve timestamp for ancestor e97efb58-53c4-5376-a44b-578f3d4df570 in index endgame-*,logs-endpoint.events.process-*,logs-system.security*,logs-windows.forwarded*,logs-windows.sysmon_operational-*,winlogbeat-*, skipping this ancestor's validation
2026-08-23 16:38:23,222 [WARNING] pipeline.elastic_client: Could not resolve timestamp for ancestor e97efb58-53c4-5376-a44b-578f3d4df570 in index endgame-*,logs-endpoint.events.process-*,logs-system.security*,logs-windows.forwarded*,logs-windows.sysmon_operational-*,winlogbeat-*, skipping this ancestor's validation
2026-08-23 16:38:23,222 [WARNING] pipeline.elastic_client: Could not resolve timestamp for ancestor e97efb58-53c4-5376-a44b-578f3d4df570 in index endgame-*,logs-endpoint.events.process-*,logs-system.security*,logs-windows.forwarded*,logs-windows.sysmon_operational-*,winlogbeat-*, skipping this ancestor's validation
2026-08-23 16:38:23,222 [WARNING] pipeline.elastic_client: Could not resolve timestamp for ancestor e97efb58-53c4-5376-a44b-578f3d4df570 in index endgame-*,logs-endpoint.events.process-*,logs-system.security*,logs-windows.forwarded*,logs-windows.sysmon_operational-*,winlogbeat-*, skipping this ancestor's validation
2026-08-23 16:38:23,222 [WARNING] pipeline.elastic_client: Could not resolve timestamp for ancestor e97efb58-53c4-5376-a44b-578f3d4df570 in index endgame-*,logs-endpoint.events.process-*,logs-system.security*,logs-windows.forwarded*,logs-windows.sysmon_operational-*,winlogbeat-*, skipping this ancestor's validation
2026-08-23 16:38:23,222 [WARNING] pipeline.elastic_client: Could not resolve timestamp for ancestor e97efb58-53c4-5376-a44b-578f3d4df570 in index endgame-*,logs-endpoint.events.process-*,logs-system.security*,logs-windows.forwarded*,logs-windows.sysmon_operational-*,winlogbeat-*, skipping this ancestor's validation
2026-08-23 16:38:23,222 [WARNING] pipeline.elastic_client: Could not resolve timestamp for ancestor e97efb58-53c4-5376-a44b-578f3d4df570 in index endgame-*,logs-endpoint.events.process-*,logs-system.security*,logs-windows.forwarded*,logs-windows.sysmon_operational-*,winlogbeat-*, skipping this ancestor's validation
2026-08-23 16:38:23,222 [WARNING] pipeline.elastic_client: Could not resolve timestamp for ancestor e97efb58-53c4-5376-a44b-578f3d4df570 in index endgame-*,logs-endpoint.events.process-*,logs-system.security*,logs-windows.forwarded*,logs-windows.sysmon_operational-*,winlogbeat-*, skipping this ancestor's validation
2026-08-23 16:38:23,222 [WARNING] pipeline.elastic_client: Could not resolve timestamp for ancestor e97efb58-53c4-5376-a44b-578f3d4df570 in index endgame-*,logs-endpoint.events.process-*,logs-system.security*,logs-windows.forwarded*,logs-windows.sysmon_operational-*,winlogbeat-*, skipping this ancestor's validation
2026-08-23 16:38:23,222 [WARNING] pipeline.elastic_client: Could not resolve timestamp for ancestor e97efb58-53c4-5376-a44b-578f3d4df570 in index endgame-*,logs-endpoint.events.process-*,logs-system.security*,logs-windows.forwarded*,logs-windows.sysmon_operational-*,winlogbeat-*, skipping this ancestor's validation
2026-08-23 16:38:23,223 [WARNING] pipeline.elastic_client: Could not resolve timestamp for ancestor e97efb58-53c4-5376-a44b-578f3d4df570 in index endgame-*,logs-endpoint.events.process-*,logs-system.security*,logs-windows.forwarded*,logs-windows.sysmon_operational-*,winlogbeat-*, skipping this ancestor's validation
2026-08-23 16:38:23,223 [WARNING] pipeline.elastic_client: Could not resolve timestamp for ancestor e97efb58-53c4-5376-a44b-578f3d4df570 in index endgame-*,logs-endpoint.events.process-*,logs-system.security*,logs-windows.forwarded*,logs-windows.sysmon_operational-*,winlogbeat-*, skipping this ancestor's validation
2026-08-23 16:38:23,223 [WARNING] pipeline.elastic_client: Could not resolve timestamp for ancestor e97efb58-53c4-5376-a44b-578f3d4df570 in index endgame-*,logs-endpoint.events.process-*,logs-system.security*,logs-windows.forwarded*,logs-windows.sysmon_operational-*,winlogbeat-*, skipping this ancestor's validation
2026-08-23 16:38:23,223 [WARNING] pipeline.elastic_client: Could not resolve timestamp for ancestor e97efb58-53c4-5376-a44b-578f3d4df570 in index endgame-*,logs-endpoint.events.process-*,logs-system.security*,logs-windows.forwarded*,logs-windows.sysmon_operational-*,winlogbeat-*, skipping this ancestor's validation
2026-08-23 16:38:23,223 [WARNING] pipeline.elastic_client: Could not resolve timestamp for ancestor e97efb58-53c4-5376-a44b-578f3d4df570 in index endgame-*,logs-endpoint.events.process-*,logs-system.security*,logs-windows.forwarded*,logs-windows.sysmon_operational-*,winlogbeat-*, skipping this ancestor's validation
2026-08-23 16:38:23,223 [WARNING] pipeline.elastic_client: Could not resolve timestamp for ancestor e97efb58-53c4-5376-a44b-578f3d4df570 in index endgame-*,logs-endpoint.events.process-*,logs-system.security*,logs-windows.forwarded*,logs-windows.sysmon_operational-*,winlogbeat-*, skipping this ancestor's validation
2026-08-23 16:38:23,223 [WARNING] pipeline.elastic_client: Could not resolve timestamp for ancestor e97efb58-53c4-5376-a44b-578f3d4df570 in index endgame-*,logs-endpoint.events.process-*,logs-system.security*,logs-windows.forwarded*,logs-windows.sysmon_operational-*,winlogbeat-*, skipping this ancestor's validation
2026-08-23 16:38:23,223 [WARNING] pipeline.elastic_client: Could not resolve timestamp for ancestor e97efb58-53c4-5376-a44b-578f3d4df570 in index endgame-*,logs-endpoint.events.process-*,logs-system.security*,logs-windows.forwarded*,logs-windows.sysmon_operational-*,winlogbeat-*, skipping this ancestor's validation
2026-08-23 16:38:23,223 [WARNING] pipeline.elastic_client: Could not resolve timestamp for ancestor e97efb58-53c4-5376-a44b-578f3d4df570 in index endgame-*,logs-endpoint.events.process-*,logs-system.security*,logs-windows.forwarded*,logs-windows.sysmon_operational-*,winlogbeat-*, skipping this ancestor's validation
2026-08-23 16:38:23,223 [WARNING] pipeline.elastic_client: Could not resolve timestamp for ancestor e97efb58-53c4-5376-a44b-578f3d4df570 in index endgame-*,logs-endpoint.events.process-*,logs-system.security*,logs-windows.forwarded*,logs-windows.sysmon_operational-*,winlogbeat-*, skipping this ancestor's validation
2026-08-23 16:38:23,223 [WARNING] pipeline.elastic_client: Could not resolve timestamp for ancestor e97efb58-53c4-5376-a44b-578f3d4df570 in index endgame-*,logs-endpoint.events.process-*,logs-system.security*,logs-windows.forwarded*,logs-windows.sysmon_operational-*,winlogbeat-*, skipping this ancestor's validation
2026-08-23 16:38:23,223 [WARNING] pipeline.elastic_client: Could not resolve timestamp for ancestor e97efb58-53c4-5376-a44b-578f3d4df570 in index endgame-*,logs-endpoint.events.process-*,logs-system.security*,logs-windows.forwarded*,logs-windows.sysmon_operational-*,winlogbeat-*, skipping this ancestor's validation
2026-08-23 16:38:23,224 [WARNING] pipeline.elastic_client: Could not resolve timestamp for ancestor e97efb58-53c4-5376-a44b-578f3d4df570 in index endgame-*,logs-endpoint.events.process-*,logs-system.security*,logs-windows.forwarded*,logs-windows.sysmon_operational-*,winlogbeat-*, skipping this ancestor's validation
2026-08-23 16:38:23,224 [WARNING] pipeline.elastic_client: Could not resolve timestamp for ancestor e97efb58-53c4-5376-a44b-578f3d4df570 in index endgame-*,logs-endpoint.events.process-*,logs-system.security*,logs-windows.forwarded*,logs-windows.sysmon_operational-*,winlogbeat-*, skipping this ancestor's validation
2026-08-23 16:38:23,224 [WARNING] pipeline.elastic_client: Could not resolve timestamp for ancestor e97efb58-53c4-5376-a44b-578f3d4df570 in index endgame-*,logs-endpoint.events.process-*,logs-system.security*,logs-windows.forwarded*,logs-windows.sysmon_operational-*,winlogbeat-*, skipping this ancestor's validation
2026-08-23 16:38:23,224 [WARNING] pipeline.elastic_client: Could not resolve timestamp for ancestor e97efb58-53c4-5376-a44b-578f3d4df570 in index endgame-*,logs-endpoint.events.process-*,logs-system.security*,logs-windows.forwarded*,logs-windows.sysmon_operational-*,winlogbeat-*, skipping this ancestor's validation
2026-08-23 16:38:23,224 [WARNING] pipeline.elastic_client: Could not resolve timestamp for ancestor e97efb58-53c4-5376-a44b-578f3d4df570 in index endgame-*,logs-endpoint.events.process-*,logs-system.security*,logs-windows.forwarded*,logs-windows.sysmon_operational-*,winlogbeat-*, skipping this ancestor's validation
2026-08-23 16:38:23,224 [WARNING] pipeline.elastic_client: Could not resolve timestamp for ancestor e97efb58-53c4-5376-a44b-578f3d4df570 in index endgame-*,logs-endpoint.events.process-*,logs-system.security*,logs-windows.forwarded*,logs-windows.sysmon_operational-*,winlogbeat-*, skipping this ancestor's validation
2026-08-23 16:38:23,224 [WARNING] pipeline.elastic_client: Could not resolve timestamp for ancestor e97efb58-53c4-5376-a44b-578f3d4df570 in index endgame-*,logs-endpoint.events.process-*,logs-system.security*,logs-windows.forwarded*,logs-windows.sysmon_operational-*,winlogbeat-*, skipping this ancestor's validation
2026-08-23 16:38:23,224 [WARNING] pipeline.elastic_client: Could not resolve timestamp for ancestor e97efb58-53c4-5376-a44b-578f3d4df570 in index endgame-*,logs-endpoint.events.process-*,logs-system.security*,logs-windows.forwarded*,logs-windows.sysmon_operational-*,winlogbeat-*, skipping this ancestor's validation
2026-08-23 16:38:23,224 [WARNING] pipeline.elastic_client: Could not resolve timestamp for ancestor e97efb58-53c4-5376-a44b-578f3d4df570 in index endgame-*,logs-endpoint.events.process-*,logs-system.security*,logs-windows.forwarded*,logs-windows.sysmon_operational-*,winlogbeat-*, skipping this ancestor's validation
2026-08-23 16:38:23,224 [WARNING] pipeline.elastic_client: Could not resolve timestamp for ancestor e97efb58-53c4-5376-a44b-578f3d4df570 in index endgame-*,logs-endpoint.events.process-*,logs-system.security*,logs-windows.forwarded*,logs-windows.sysmon_operational-*,winlogbeat-*, skipping this ancestor's validation
2026-08-23 16:38:23,224 [WARNING] pipeline.elastic_client: Could not resolve timestamp for ancestor e97efb58-53c4-5376-a44b-578f3d4df570 in index endgame-*,logs-endpoint.events.process-*,logs-system.security*,logs-windows.forwarded*,logs-windows.sysmon_operational-*,winlogbeat-*, skipping this ancestor's validation
2026-08-23 16:38:23,224 [WARNING] pipeline.elastic_client: Could not resolve timestamp for ancestor e97efb58-53c4-5376-a44b-578f3d4df570 in index endgame-*,logs-endpoint.events.process-*,logs-system.security*,logs-windows.forwarded*,logs-windows.sysmon_operational-*,winlogbeat-*, skipping this ancestor's validation
2026-08-23 16:38:23,224 [WARNING] pipeline.elastic_client: Could not resolve timestamp for ancestor e97efb58-53c4-5376-a44b-578f3d4df570 in index endgame-*,logs-endpoint.events.process-*,logs-system.security*,logs-windows.forwarded*,logs-windows.sysmon_operational-*,winlogbeat-*, skipping this ancestor's validation
2026-08-23 16:38:23,225 [WARNING] pipeline.elastic_client: Could not resolve timestamp for ancestor e97efb58-53c4-5376-a44b-578f3d4df570 in index endgame-*,logs-endpoint.events.process-*,logs-system.security*,logs-windows.forwarded*,logs-windows.sysmon_operational-*,winlogbeat-*, skipping this ancestor's validation
2026-08-23 16:38:23,225 [WARNING] pipeline.elastic_client: Could not resolve timestamp for ancestor e97efb58-53c4-5376-a44b-578f3d4df570 in index endgame-*,logs-endpoint.events.process-*,logs-system.security*,logs-windows.forwarded*,logs-windows.sysmon_operational-*,winlogbeat-*, skipping this ancestor's validation
2026-08-23 16:38:23,225 [WARNING] pipeline.elastic_client: Could not resolve timestamp for ancestor e97efb58-53c4-5376-a44b-578f3d4df570 in index endgame-*,logs-endpoint.events.process-*,logs-system.security*,logs-windows.forwarded*,logs-windows.sysmon_operational-*,winlogbeat-*, skipping this ancestor's validation
2026-08-23 16:38:23,225 [WARNING] pipeline.elastic_client: Could not resolve timestamp for ancestor e97efb58-53c4-5376-a44b-578f3d4df570 in index endgame-*,logs-endpoint.events.process-*,logs-system.security*,logs-windows.forwarded*,logs-windows.sysmon_operational-*,winlogbeat-*, skipping this ancestor's validation
2026-08-23 16:38:23,225 [WARNING] pipeline.elastic_client: Could not resolve timestamp for ancestor e97efb58-53c4-5376-a44b-578f3d4df570 in index endgame-*,logs-endpoint.events.process-*,logs-system.security*,logs-windows.forwarded*,logs-windows.sysmon_operational-*,winlogbeat-*, skipping this ancestor's validation
2026-08-23 16:38:23,225 [WARNING] pipeline.elastic_client: Could not resolve timestamp for ancestor e97efb58-53c4-5376-a44b-578f3d4df570 in index endgame-*,logs-endpoint.events.process-*,logs-system.security*,logs-windows.forwarded*,logs-windows.sysmon_operational-*,winlogbeat-*, skipping this ancestor's validation
2026-08-23 16:38:23,225 [WARNING] pipeline.elastic_client: Could not resolve timestamp for ancestor e97efb58-53c4-5376-a44b-578f3d4df570 in index endgame-*,logs-endpoint.events.process-*,logs-system.security*,logs-windows.forwarded*,logs-windows.sysmon_operational-*,winlogbeat-*, skipping this ancestor's validation
2026-08-23 16:38:23,225 [WARNING] pipeline.elastic_client: Could not resolve timestamp for ancestor e97efb58-53c4-5376-a44b-578f3d4df570 in index endgame-*,logs-endpoint.events.process-*,logs-system.security*,logs-windows.forwarded*,logs-windows.sysmon_operational-*,winlogbeat-*, skipping this ancestor's validation
2026-08-23 16:38:23,225 [WARNING] pipeline.elastic_client: Could not resolve timestamp for ancestor e97efb58-53c4-5376-a44b-578f3d4df570 in index endgame-*,logs-endpoint.events.process-*,logs-system.security*,logs-windows.forwarded*,logs-windows.sysmon_operational-*,winlogbeat-*, skipping this ancestor's validation
2026-08-23 16:38:23,225 [WARNING] pipeline.elastic_client: Could not resolve timestamp for ancestor e97efb58-53c4-5376-a44b-578f3d4df570 in index endgame-*,logs-endpoint.events.process-*,logs-system.security*,logs-windows.forwarded*,logs-windows.sysmon_operational-*,winlogbeat-*, skipping this ancestor's validation
2026-08-23 16:38:23,225 [WARNING] pipeline.elastic_client: Could not resolve timestamp for ancestor e97efb58-53c4-5376-a44b-578f3d4df570 in index endgame-*,logs-endpoint.events.process-*,logs-system.security*,logs-windows.forwarded*,logs-windows.sysmon_operational-*,winlogbeat-*, skipping this ancestor's validation
2026-08-23 16:38:23,225 [WARNING] pipeline.elastic_client: Could not resolve timestamp for ancestor e97efb58-53c4-5376-a44b-578f3d4df570 in index endgame-*,logs-endpoint.events.process-*,logs-system.security*,logs-windows.forwarded*,logs-windows.sysmon_operational-*,winlogbeat-*, skipping this ancestor's validation
2026-08-23 16:38:23,225 [WARNING] pipeline.elastic_client: Could not resolve timestamp for ancestor e97efb58-53c4-5376-a44b-578f3d4df570 in index endgame-*,logs-endpoint.events.process-*,logs-system.security*,logs-windows.forwarded*,logs-windows.sysmon_operational-*,winlogbeat-*, skipping this ancestor's validation
2026-08-23 16:38:23,226 [WARNING] pipeline.elastic_client: Could not resolve timestamp for ancestor e97efb58-53c4-5376-a44b-578f3d4df570 in index endgame-*,logs-endpoint.events.process-*,logs-system.security*,logs-windows.forwarded*,logs-windows.sysmon_operational-*,winlogbeat-*, skipping this ancestor's validation
2026-08-23 16:38:23,226 [WARNING] pipeline.elastic_client: Could not resolve timestamp for ancestor e97efb58-53c4-5376-a44b-578f3d4df570 in index endgame-*,logs-endpoint.events.process-*,logs-system.security*,logs-windows.forwarded*,logs-windows.sysmon_operational-*,winlogbeat-*, skipping this ancestor's validation
2026-08-23 16:38:23,226 [WARNING] pipeline.elastic_client: Could not resolve timestamp for ancestor e97efb58-53c4-5376-a44b-578f3d4df570 in index endgame-*,logs-endpoint.events.process-*,logs-system.security*,logs-windows.forwarded*,logs-windows.sysmon_operational-*,winlogbeat-*, skipping this ancestor's validation
2026-08-23 16:38:23,226 [WARNING] pipeline.elastic_client: Could not resolve timestamp for ancestor e97efb58-53c4-5376-a44b-578f3d4df570 in index endgame-*,logs-endpoint.events.process-*,logs-system.security*,logs-windows.forwarded*,logs-windows.sysmon_operational-*,winlogbeat-*, skipping this ancestor's validation
2026-08-23 16:38:23,226 [WARNING] pipeline.elastic_client: Could not resolve timestamp for ancestor e97efb58-53c4-5376-a44b-578f3d4df570 in index endgame-*,logs-endpoint.events.process-*,logs-system.security*,logs-windows.forwarded*,logs-windows.sysmon_operational-*,winlogbeat-*, skipping this ancestor's validation
2026-08-23 16:38:23,226 [WARNING] pipeline.elastic_client: Could not resolve timestamp for ancestor e97efb58-53c4-5376-a44b-578f3d4df570 in index endgame-*,logs-endpoint.events.process-*,logs-system.security*,logs-windows.forwarded*,logs-windows.sysmon_operational-*,winlogbeat-*, skipping this ancestor's validation
2026-08-23 16:38:23,226 [WARNING] pipeline.elastic_client: Could not resolve timestamp for ancestor e97efb58-53c4-5376-a44b-578f3d4df570 in index endgame-*,logs-endpoint.events.process-*,logs-system.security*,logs-windows.forwarded*,logs-windows.sysmon_operational-*,winlogbeat-*, skipping this ancestor's validation
2026-08-23 16:38:23,226 [WARNING] pipeline.elastic_client: Could not resolve timestamp for ancestor e97efb58-53c4-5376-a44b-578f3d4df570 in index endgame-*,logs-endpoint.events.process-*,logs-system.security*,logs-windows.forwarded*,logs-windows.sysmon_operational-*,winlogbeat-*, skipping this ancestor's validation
2026-08-23 16:38:23,226 [WARNING] pipeline.elastic_client: Could not resolve timestamp for ancestor e97efb58-53c4-5376-a44b-578f3d4df570 in index endgame-*,logs-endpoint.events.process-*,logs-system.security*,logs-windows.forwarded*,logs-windows.sysmon_operational-*,winlogbeat-*, skipping this ancestor's validation
2026-08-23 16:38:23,226 [WARNING] pipeline.elastic_client: Could not resolve timestamp for ancestor e97efb58-53c4-5376-a44b-578f3d4df570 in index endgame-*,logs-endpoint.events.process-*,logs-system.security*,logs-windows.forwarded*,logs-windows.sysmon_operational-*,winlogbeat-*, skipping this ancestor's validation
2026-08-23 16:38:23,226 [WARNING] pipeline.elastic_client: Could not resolve timestamp for ancestor e97efb58-53c4-5376-a44b-578f3d4df570 in index endgame-*,logs-endpoint.events.process-*,logs-system.security*,logs-windows.forwarded*,logs-windows.sysmon_operational-*,winlogbeat-*, skipping this ancestor's validation
2026-08-23 16:38:23,226 [WARNING] pipeline.elastic_client: Could not resolve timestamp for ancestor e97efb58-53c4-5376-a44b-578f3d4df570 in index endgame-*,logs-endpoint.events.process-*,logs-system.security*,logs-windows.forwarded*,logs-windows.sysmon_operational-*,winlogbeat-*, skipping this ancestor's validation
2026-08-23 16:38:23,226 [WARNING] pipeline.elastic_client: Could not resolve timestamp for ancestor e97efb58-53c4-5376-a44b-578f3d4df570 in index endgame-*,logs-endpoint.events.process-*,logs-system.security*,logs-windows.forwarded*,logs-windows.sysmon_operational-*,winlogbeat-*, skipping this ancestor's validation
2026-08-23 16:38:23,227 [WARNING] pipeline.elastic_client: Could not resolve timestamp for ancestor e97efb58-53c4-5376-a44b-578f3d4df570 in index endgame-*,logs-endpoint.events.process-*,logs-system.security*,logs-windows.forwarded*,logs-windows.sysmon_operational-*,winlogbeat-*, skipping this ancestor's validation
2026-08-23 16:38:23,227 [WARNING] pipeline.elastic_client: Could not resolve timestamp for ancestor e97efb58-53c4-5376-a44b-578f3d4df570 in index endgame-*,logs-endpoint.events.process-*,logs-system.security*,logs-windows.forwarded*,logs-windows.sysmon_operational-*,winlogbeat-*, skipping this ancestor's validation
2026-08-23 16:38:23,227 [WARNING] pipeline.elastic_client: Could not resolve timestamp for ancestor e97efb58-53c4-5376-a44b-578f3d4df570 in index endgame-*,logs-endpoint.events.process-*,logs-system.security*,logs-windows.forwarded*,logs-windows.sysmon_operational-*,winlogbeat-*, skipping this ancestor's validation
2026-08-23 16:38:23,227 [WARNING] pipeline.elastic_client: Could not resolve timestamp for ancestor e97efb58-53c4-5376-a44b-578f3d4df570 in index endgame-*,logs-endpoint.events.process-*,logs-system.security*,logs-windows.forwarded*,logs-windows.sysmon_operational-*,winlogbeat-*, skipping this ancestor's validation
2026-08-23 16:38:23,227 [WARNING] pipeline.elastic_client: Could not resolve timestamp for ancestor e97efb58-53c4-5376-a44b-578f3d4df570 in index endgame-*,logs-endpoint.events.process-*,logs-system.security*,logs-windows.forwarded*,logs-windows.sysmon_operational-*,winlogbeat-*, skipping this ancestor's validation
2026-08-23 16:38:23,227 [WARNING] pipeline.elastic_client: Could not resolve timestamp for ancestor e97efb58-53c4-5376-a44b-578f3d4df570 in index endgame-*,logs-endpoint.events.process-*,logs-system.security*,logs-windows.forwarded*,logs-windows.sysmon_operational-*,winlogbeat-*, skipping this ancestor's validation
2026-08-23 16:38:23,227 [WARNING] pipeline.elastic_client: Could not resolve timestamp for ancestor e97efb58-53c4-5376-a44b-578f3d4df570 in index endgame-*,logs-endpoint.events.process-*,logs-system.security*,logs-windows.forwarded*,logs-windows.sysmon_operational-*,winlogbeat-*, skipping this ancestor's validation
2026-08-23 16:38:23,227 [WARNING] pipeline.elastic_client: Could not resolve timestamp for ancestor e97efb58-53c4-5376-a44b-578f3d4df570 in index endgame-*,logs-endpoint.events.process-*,logs-system.security*,logs-windows.forwarded*,logs-windows.sysmon_operational-*,winlogbeat-*, skipping this ancestor's validation
2026-08-23 16:38:23,227 [WARNING] pipeline.elastic_client: Could not resolve timestamp for ancestor e97efb58-53c4-5376-a44b-578f3d4df570 in index endgame-*,logs-endpoint.events.process-*,logs-system.security*,logs-windows.forwarded*,logs-windows.sysmon_operational-*,winlogbeat-*, skipping this ancestor's validation
2026-08-23 16:38:23,227 [WARNING] pipeline.elastic_client: Could not resolve timestamp for ancestor e97efb58-53c4-5376-a44b-578f3d4df570 in index endgame-*,logs-endpoint.events.process-*,logs-system.security*,logs-windows.forwarded*,logs-windows.sysmon_operational-*,winlogbeat-*, skipping this ancestor's validation
2026-08-23 16:38:23,227 [WARNING] pipeline.elastic_client: Could not resolve timestamp for ancestor e97efb58-53c4-5376-a44b-578f3d4df570 in index endgame-*,logs-endpoint.events.process-*,logs-system.security*,logs-windows.forwarded*,logs-windows.sysmon_operational-*,winlogbeat-*, skipping this ancestor's validation
2026-08-23 16:38:23,227 [WARNING] pipeline.elastic_client: Could not resolve timestamp for ancestor e97efb58-53c4-5376-a44b-578f3d4df570 in index endgame-*,logs-endpoint.events.process-*,logs-system.security*,logs-windows.forwarded*,logs-windows.sysmon_operational-*,winlogbeat-*, skipping this ancestor's validation
2026-08-23 16:38:23,228 [WARNING] pipeline.elastic_client: Could not resolve timestamp for ancestor e97efb58-53c4-5376-a44b-578f3d4df570 in index endgame-*,logs-endpoint.events.process-*,logs-system.security*,logs-windows.forwarded*,logs-windows.sysmon_operational-*,winlogbeat-*, skipping this ancestor's validation
2026-08-23 16:38:23,228 [WARNING] pipeline.elastic_client: Could not resolve timestamp for ancestor e97efb58-53c4-5376-a44b-578f3d4df570 in index endgame-*,logs-endpoint.events.process-*,logs-system.security*,logs-windows.forwarded*,logs-windows.sysmon_operational-*,winlogbeat-*, skipping this ancestor's validation
2026-08-23 16:38:23,228 [WARNING] pipeline.elastic_client: Could not resolve timestamp for ancestor e97efb58-53c4-5376-a44b-578f3d4df570 in index endgame-*,logs-endpoint.events.process-*,logs-system.security*,logs-windows.forwarded*,logs-windows.sysmon_operational-*,winlogbeat-*, skipping this ancestor's validation
2026-08-23 16:38:23,228 [WARNING] pipeline.elastic_client: Could not resolve timestamp for ancestor e97efb58-53c4-5376-a44b-578f3d4df570 in index endgame-*,logs-endpoint.events.process-*,logs-system.security*,logs-windows.forwarded*,logs-windows.sysmon_operational-*,winlogbeat-*, skipping this ancestor's validation
2026-08-23 16:38:23,228 [WARNING] pipeline.elastic_client: Could not resolve timestamp for ancestor e97efb58-53c4-5376-a44b-578f3d4df570 in index endgame-*,logs-endpoint.events.process-*,logs-system.security*,logs-windows.forwarded*,logs-windows.sysmon_operational-*,winlogbeat-*, skipping this ancestor's validation
2026-08-23 16:38:23,228 [WARNING] pipeline.elastic_client: Could not resolve timestamp for ancestor e97efb58-53c4-5376-a44b-578f3d4df570 in index endgame-*,logs-endpoint.events.process-*,logs-system.security*,logs-windows.forwarded*,logs-windows.sysmon_operational-*,winlogbeat-*, skipping this ancestor's validation
2026-08-23 16:38:23,228 [WARNING] pipeline.elastic_client: Could not resolve timestamp for ancestor e97efb58-53c4-5376-a44b-578f3d4df570 in index endgame-*,logs-endpoint.events.process-*,logs-system.security*,logs-windows.forwarded*,logs-windows.sysmon_operational-*,winlogbeat-*, skipping this ancestor's validation
2026-08-23 16:38:23,228 [WARNING] pipeline.elastic_client: Could not resolve timestamp for ancestor e97efb58-53c4-5376-a44b-578f3d4df570 in index endgame-*,logs-endpoint.events.process-*,logs-system.security*,logs-windows.forwarded*,logs-windows.sysmon_operational-*,winlogbeat-*, skipping this ancestor's validation
